[2025-04-24 17:32:38] local.ERROR: SQLSTATE[HY000] [1049] Unknown database 'api_tutorial0' (Connection: mysql, SQL: select * from `sessions` where `id` = 8SXYOKhg5oRKRy6Diby1DMlbt7nQgfAzgbhI1AXA limit 1) {"exception":"[object] (Illuminate\\Database\\QueryException(code: 1049): SQLSTATE[HY000] [1049] Unknown database 'api_tutorial0' (Connection: mysql, SQL: select * from `sessions` where `id` = 8SXYOKhg5oRKRy6Diby1DMlbt7nQgfAzgbhI1AXA limit 1) at /home/tameem/Desktop/api_tutorial/vendor/laravel/framework/src/Illuminate/Database/Connection.php:822)
[stacktrace]
#0 /home/tameem/Desktop/api_tutorial/vendor/laravel/framework/src/Illuminate/Database/Connection.php(776): Illuminate\\Database\\Connection->runQueryCallback('select * from `...', Array, Object(Closure))
#1 /home/tameem/Desktop/api_tutorial/vendor/laravel/framework/src/Illuminate/Database/Connection.php(395): Illuminate\\Database\\Connection->run('select * from `...', Array, Object(Closure))
#2 /home/tameem/Desktop/api_tutorial/vendor/laravel/framework/src/Illuminate/Database/Query/Builder.php(3107): Illuminate\\Database\\Connection->select('select * from `...', Array, false)
#3 /home/tameem/Desktop/api_tutorial/vendor/laravel/framework/src/Illuminate/Database/Query/Builder.php(3092): Illuminate\\Database\\Query\\Builder->runSelect()
#4 /home/tameem/Desktop/api_tutorial/vendor/laravel/framework/src/Illuminate/Database/Query/Builder.php(3679): Illuminate\\Database\\Query\\Builder->{closure:Illuminate\\Database\\Query\\Builder::get():3091}()
#5 /home/tameem/Desktop/api_tutorial/vendor/laravel/framework/src/Illuminate/Database/Query/Builder.php(3091): Illuminate\\Database\\Query\\Builder->onceWithColumns(Array, Object(Closure))
#6 /home/tameem/Desktop/api_tutorial/vendor/laravel/framework/src/Illuminate/Database/Concerns/BuildsQueries.php(366): Illuminate\\Database\\Query\\Builder->get(Array)
#7 /home/tameem/Desktop/api_tutorial/vendor/laravel/framework/src/Illuminate/Database/Query/Builder.php(3014): Illuminate\\Database\\Query\\Builder->first(Array)
#8 /home/tameem/Desktop/api_tutorial/vendor/laravel/framework/src/Illuminate/Session/DatabaseSessionHandler.php(96): Illuminate\\Database\\Query\\Builder->find('8SXYOKhg5oRKRy6...')
#9 /home/tameem/Desktop/api_tutorial/vendor/laravel/framework/src/Illuminate/Session/Store.php(116): Illuminate\\Session\\DatabaseSessionHandler->read('8SXYOKhg5oRKRy6...')
#10 /home/tameem/Desktop/api_tutorial/vendor/laravel/framework/src/Illuminate/Session/Store.php(104): Illuminate\\Session\\Store->readFromHandler()
#11 /home/tameem/Desktop/api_tutorial/vendor/laravel/framework/src/Illuminate/Session/Store.php(88): Illuminate\\Session\\Store->loadSession()
#12 /home/tameem/Desktop/api_tutorial/vendor/laravel/framework/src/Illuminate/Session/Middleware/StartSession.php(146): Illuminate\\Session\\Store->start()
#13 /home/tameem/Desktop/api_tutorial/vendor/laravel/framework/src/Illuminate/Support/helpers.php(399): Illuminate\\Session\\Middleware\\StartSession->{closure:Illuminate\\Session\\Middleware\\StartSession::startSession():143}(Object(Illuminate\\Session\\Store))
#14 /home/tameem/Desktop/api_tutorial/vendor/laravel/framework/src/Illuminate/Session/Middleware/StartSession.php(143): tap(Object(Illuminate\\Session\\Store), Object(Closure))
#15 /home/tameem/Desktop/api_tutorial/vendor/laravel/framework/src/Illuminate/Session/Middleware/StartSession.php(115): Illuminate\\Session\\Middleware\\StartSession->startSession(Object(Illuminate\\Http\\Request), Object(Illuminate\\Session\\Store))
#16 /home/tameem/Desktop/api_tutorial/vendor/laravel/framework/src/Illuminate/Session/Middleware/StartSession.php(63): Illuminate\\Session\\Middleware\\StartSession->handleStatefulRequest(Object(Illuminate\\Http\\Request), Object(Illuminate\\Session\\Store), Object(Closure))
#17 /home/tameem/Desktop/api_tutorial/vendor/laravel/framework/src/Illuminate/Pipeline/Pipeline.php(208): Illuminate\\Session\\Middleware\\StartSession->handle(Object(Illuminate\\Http\\Request), Object(Closure))
#18 /home/tameem/Desktop/api_tutorial/vendor/laravel/framework/src/Illuminate/Cookie/Middleware/AddQueuedCookiesToResponse.php(36): Illuminate\\Pipeline\\Pipeline->{closure:{closure:Illuminate\\Pipeline\\Pipeline::carry():183}:184}(Object(Illuminate\\Http\\Request))
#19 /home/tameem/Desktop/api_tutorial/vendor/laravel/framework/src/Illuminate/Pipeline/Pipeline.php(208): Illuminate\\Cookie\\Middleware\\AddQueuedCookiesToResponse->handle(Object(Illuminate\\Http\\Request), Object(Closure))
#20 /home/tameem/Desktop/api_tutorial/vendor/laravel/framework/src/Illuminate/Cookie/Middleware/EncryptCookies.php(74): Illuminate\\Pipeline\\Pipeline->{closure:{closure:Illuminate\\Pipeline\\Pipeline::carry():183}:184}(Object(Illuminate\\Http\\Request))
#21 /home/tameem/Desktop/api_tutorial/vendor/laravel/framework/src/Illuminate/Pipeline/Pipeline.php(208): Illuminate\\Cookie\\Middleware\\EncryptCookies->handle(Object(Illuminate\\Http\\Request), Object(Closure))
#22 /home/tameem/Desktop/api_tutorial/vendor/laravel/framework/src/Illuminate/Pipeline/Pipeline.php(126): Illuminate\\Pipeline\\Pipeline->{closure:{closure:Illuminate\\Pipeline\\Pipeline::carry():183}:184}(Object(Illuminate\\Http\\Request))
#23 /home/tameem/Desktop/api_tutorial/vendor/laravel/framework/src/Illuminate/Routing/Router.php(807): Illuminate\\Pipeline\\Pipeline->then(Object(Closure))
#24 /home/tameem/Desktop/api_tutorial/vendor/laravel/framework/src/Illuminate/Routing/Router.php(786): Illuminate\\Routing\\Router->runRouteWithinStack(Object(Illuminate\\Routing\\Route), Object(Illuminate\\Http\\Request))
#25 /home/tameem/Desktop/api_tutorial/vendor/laravel/framework/src/Illuminate/Routing/Router.php(750): Illuminate\\Routing\\Router->runRoute(Object(Illuminate\\Http\\Request), Object(Illuminate\\Routing\\Route))
#26 /home/tameem/Desktop/api_tutorial/vendor/laravel/framework/src/Illuminate/Routing/Router.php(739): Illuminate\\Routing\\Router->dispatchToRoute(Object(Illuminate\\Http\\Request))
#27 /home/tameem/Desktop/api_tutorial/vendor/laravel/framework/src/Illuminate/Foundation/Http/Kernel.php(200): Illuminate\\Routing\\Router->dispatch(Object(Illuminate\\Http\\Request))
#28 /home/tameem/Desktop/api_tutorial/vendor/laravel/framework/src/Illuminate/Pipeline/Pipeline.php(169): Illuminate\\Foundation\\Http\\Kernel->{closure:Illuminate\\Foundation\\Http\\Kernel::dispatchToRouter():197}(Object(Illuminate\\Http\\Request))
#29 /home/tameem/Desktop/api_tutorial/vendor/laravel/framework/src/Illuminate/Foundation/Http/Middleware/TransformsRequest.php(21): Illuminate\\Pipeline\\Pipeline->{closure:Illuminate\\Pipeline\\Pipeline::prepareDestination():167}(Object(Illuminate\\Http\\Request))
#30 /home/tameem/Desktop/api_tutorial/vendor/laravel/framework/src/Illuminate/Foundation/Http/Middleware/ConvertEmptyStringsToNull.php(31): Illuminate\\Foundation\\Http\\Middleware\\TransformsRequest->handle(Object(Illuminate\\Http\\Request), Object(Closure))
#31 /home/tameem/Desktop/api_tutorial/vendor/laravel/framework/src/Illuminate/Pipeline/Pipeline.php(208): Illuminate\\Foundation\\Http\\Middleware\\ConvertEmptyStringsToNull->handle(Object(Illuminate\\Http\\Request), Object(Closure))
#32 /home/tameem/Desktop/api_tutorial/vendor/laravel/framework/src/Illuminate/Foundation/Http/Middleware/TransformsRequest.php(21): Illuminate\\Pipeline\\Pipeline->{closure:{closure:Illuminate\\Pipeline\\Pipeline::carry():183}:184}(Object(Illuminate\\Http\\Request))
#33 /home/tameem/Desktop/api_tutorial/vendor/laravel/framework/src/Illuminate/Foundation/Http/Middleware/TrimStrings.php(51): Illuminate\\Foundation\\Http\\Middleware\\TransformsRequest->handle(Object(Illuminate\\Http\\Request), Object(Closure))
#34 /home/tameem/Desktop/api_tutorial/vendor/laravel/framework/src/Illuminate/Pipeline/Pipeline.php(208): Illuminate\\Foundation\\Http\\Middleware\\TrimStrings->handle(Object(Illuminate\\Http\\Request), Object(Closure))
#35 /home/tameem/Desktop/api_tutorial/vendor/laravel/framework/src/Illuminate/Http/Middleware/ValidatePostSize.php(27): Illuminate\\Pipeline\\Pipeline->{closure:{closure:Illuminate\\Pipeline\\Pipeline::carry():183}:184}(Object(Illuminate\\Http\\Request))
#36 /home/tameem/Desktop/api_tutorial/vendor/laravel/framework/src/Illuminate/Pipeline/Pipeline.php(208): Illuminate\\Http\\Middleware\\ValidatePostSize->handle(Object(Illuminate\\Http\\Request), Object(Closure))
#37 /home/tameem/Desktop/api_tutorial/vendor/laravel/framework/src/Illuminate/Foundation/Http/Middleware/PreventRequestsDuringMaintenance.php(109): Illuminate\\Pipeline\\Pipeline->{closure:{closure:Illuminate\\Pipeline\\Pipeline::carry():183}:184}(Object(Illuminate\\Http\\Request))
#38 /home/tameem/Desktop/api_tutorial/vendor/laravel/framework/src/Illuminate/Pipeline/Pipeline.php(208): Illuminate\\Foundation\\Http\\Middleware\\PreventRequestsDuringMaintenance->handle(Object(Illuminate\\Http\\Request), Object(Closure))
#39 /home/tameem/Desktop/api_tutorial/vendor/laravel/framework/src/Illuminate/Http/Middleware/HandleCors.php(48): Illuminate\\Pipeline\\Pipeline->{closure:{closure:Illuminate\\Pipeline\\Pipeline::carry():183}:184}(Object(Illuminate\\Http\\Request))
#40 /home/tameem/Desktop/api_tutorial/vendor/laravel/framework/src/Illuminate/Pipeline/Pipeline.php(208): Illuminate\\Http\\Middleware\\HandleCors->handle(Object(Illuminate\\Http\\Request), Object(Closure))
#41 /home/tameem/Desktop/api_tutorial/vendor/laravel/framework/src/Illuminate/Http/Middleware/TrustProxies.php(58): Illuminate\\Pipeline\\Pipeline->{closure:{closure:Illuminate\\Pipeline\\Pipeline::carry():183}:184}(Object(Illuminate\\Http\\Request))
#42 /home/tameem/Desktop/api_tutorial/vendor/laravel/framework/src/Illuminate/Pipeline/Pipeline.php(208): Illuminate\\Http\\Middleware\\TrustProxies->handle(Object(Illuminate\\Http\\Request), Object(Closure))
#43 /home/tameem/Desktop/api_tutorial/vendor/laravel/framework/src/Illuminate/Foundation/Http/Middleware/InvokeDeferredCallbacks.php(22): Illuminate\\Pipeline\\Pipeline->{closure:{closure:Illuminate\\Pipeline\\Pipeline::carry():183}:184}(Object(Illuminate\\Http\\Request))
#44 /home/tameem/Desktop/api_tutorial/vendor/laravel/framework/src/Illuminate/Pipeline/Pipeline.php(208): Illuminate\\Foundation\\Http\\Middleware\\InvokeDeferredCallbacks->handle(Object(Illuminate\\Http\\Request), Object(Closure))
#45 /home/tameem/Desktop/api_tutorial/vendor/laravel/framework/src/Illuminate/Http/Middleware/ValidatePathEncoding.php(26): Illuminate\\Pipeline\\Pipeline->{closure:{closure:Illuminate\\Pipeline\\Pipeline::carry():183}:184}(Object(Illuminate\\Http\\Request))
#46 /home/tameem/Desktop/api_tutorial/vendor/laravel/framework/src/Illuminate/Pipeline/Pipeline.php(208): Illuminate\\Http\\Middleware\\ValidatePathEncoding->handle(Object(Illuminate\\Http\\Request), Object(Closure))
#47 /home/tameem/Desktop/api_tutorial/vendor/laravel/framework/src/Illuminate/Pipeline/Pipeline.php(126): Illuminate\\Pipeline\\Pipeline->{closure:{closure:Illuminate\\Pipeline\\Pipeline::carry():183}:184}(Object(Illuminate\\Http\\Request))
#48 /home/tameem/Desktop/api_tutorial/vendor/laravel/framework/src/Illuminate/Foundation/Http/Kernel.php(175): Illuminate\\Pipeline\\Pipeline->then(Object(Closure))
#49 /home/tameem/Desktop/api_tutorial/vendor/laravel/framework/src/Illuminate/Foundation/Http/Kernel.php(144): Illuminate\\Foundation\\Http\\Kernel->sendRequestThroughRouter(Object(Illuminate\\Http\\Request))
#50 /home/tameem/Desktop/api_tutorial/vendor/laravel/framework/src/Illuminate/Foundation/Application.php(1219): Illuminate\\Foundation\\Http\\Kernel->handle(Object(Illuminate\\Http\\Request))
#51 /home/tameem/Desktop/api_tutorial/public/index.php(20): Illuminate\\Foundation\\Application->handleRequest(Object(Illuminate\\Http\\Request))
#52 /home/tameem/Desktop/api_tutorial/vendor/laravel/framework/src/Illuminate/Foundation/resources/server.php(23): require_once('/home/tameem/De...')
#53 {main}

[previous exception] [object] (PDOException(code: 1049): SQLSTATE[HY000] [1049] Unknown database 'api_tutorial0' at /home/tameem/Desktop/api_tutorial/vendor/laravel/framework/src/Illuminate/Database/Connectors/Connector.php:67)
[stacktrace]
#0 /home/tameem/Desktop/api_tutorial/vendor/laravel/framework/src/Illuminate/Database/Connectors/Connector.php(67): PDO::connect('mysql:host=127....', 'root', Object(SensitiveParameterValue), Array)
#1 /home/tameem/Desktop/api_tutorial/vendor/laravel/framework/src/Illuminate/Database/Connectors/Connector.php(44): Illuminate\\Database\\Connectors\\Connector->createPdoConnection('mysql:host=127....', 'root', Object(SensitiveParameterValue), Array)
#2 /home/tameem/Desktop/api_tutorial/vendor/laravel/framework/src/Illuminate/Database/Connectors/MySqlConnector.php(24): Illuminate\\Database\\Connectors\\Connector->createConnection('mysql:host=127....', Array, Array)
#3 /home/tameem/Desktop/api_tutorial/vendor/laravel/framework/src/Illuminate/Database/Connectors/ConnectionFactory.php(184): Illuminate\\Database\\Connectors\\MySqlConnector->connect(Array)
#4 [internal function]: Illuminate\\Database\\Connectors\\ConnectionFactory->{closure:Illuminate\\Database\\Connectors\\ConnectionFactory::createPdoResolverWithHosts():179}()
#5 /home/tameem/Desktop/api_tutorial/vendor/laravel/framework/src/Illuminate/Database/Connection.php(1228): call_user_func(Object(Closure))
#6 /home/tameem/Desktop/api_tutorial/vendor/laravel/framework/src/Illuminate/Database/Connection.php(509): Illuminate\\Database\\Connection->getPdo()
#7 /home/tameem/Desktop/api_tutorial/vendor/laravel/framework/src/Illuminate/Database/Connection.php(404): Illuminate\\Database\\Connection->getPdoForSelect(false)
#8 /home/tameem/Desktop/api_tutorial/vendor/laravel/framework/src/Illuminate/Database/Connection.php(809): Illuminate\\Database\\Connection->{closure:Illuminate\\Database\\Connection::select():395}('select * from `...', Array)
#9 /home/tameem/Desktop/api_tutorial/vendor/laravel/framework/src/Illuminate/Database/Connection.php(776): Illuminate\\Database\\Connection->runQueryCallback('select * from `...', Array, Object(Closure))
#10 /home/tameem/Desktop/api_tutorial/vendor/laravel/framework/src/Illuminate/Database/Connection.php(395): Illuminate\\Database\\Connection->run('select * from `...', Array, Object(Closure))
#11 /home/tameem/Desktop/api_tutorial/vendor/laravel/framework/src/Illuminate/Database/Query/Builder.php(3107): Illuminate\\Database\\Connection->select('select * from `...', Array, false)
#12 /home/tameem/Desktop/api_tutorial/vendor/laravel/framework/src/Illuminate/Database/Query/Builder.php(3092): Illuminate\\Database\\Query\\Builder->runSelect()
#13 /home/tameem/Desktop/api_tutorial/vendor/laravel/framework/src/Illuminate/Database/Query/Builder.php(3679): Illuminate\\Database\\Query\\Builder->{closure:Illuminate\\Database\\Query\\Builder::get():3091}()
#14 /home/tameem/Desktop/api_tutorial/vendor/laravel/framework/src/Illuminate/Database/Query/Builder.php(3091): Illuminate\\Database\\Query\\Builder->onceWithColumns(Array, Object(Closure))
#15 /home/tameem/Desktop/api_tutorial/vendor/laravel/framework/src/Illuminate/Database/Concerns/BuildsQueries.php(366): Illuminate\\Database\\Query\\Builder->get(Array)
#16 /home/tameem/Desktop/api_tutorial/vendor/laravel/framework/src/Illuminate/Database/Query/Builder.php(3014): Illuminate\\Database\\Query\\Builder->first(Array)
#17 /home/tameem/Desktop/api_tutorial/vendor/laravel/framework/src/Illuminate/Session/DatabaseSessionHandler.php(96): Illuminate\\Database\\Query\\Builder->find('8SXYOKhg5oRKRy6...')
#18 /home/tameem/Desktop/api_tutorial/vendor/laravel/framework/src/Illuminate/Session/Store.php(116): Illuminate\\Session\\DatabaseSessionHandler->read('8SXYOKhg5oRKRy6...')
#19 /home/tameem/Desktop/api_tutorial/vendor/laravel/framework/src/Illuminate/Session/Store.php(104): Illuminate\\Session\\Store->readFromHandler()
#20 /home/tameem/Desktop/api_tutorial/vendor/laravel/framework/src/Illuminate/Session/Store.php(88): Illuminate\\Session\\Store->loadSession()
#21 /home/tameem/Desktop/api_tutorial/vendor/laravel/framework/src/Illuminate/Session/Middleware/StartSession.php(146): Illuminate\\Session\\Store->start()
#22 /home/tameem/Desktop/api_tutorial/vendor/laravel/framework/src/Illuminate/Support/helpers.php(399): Illuminate\\Session\\Middleware\\StartSession->{closure:Illuminate\\Session\\Middleware\\StartSession::startSession():143}(Object(Illuminate\\Session\\Store))
#23 /home/tameem/Desktop/api_tutorial/vendor/laravel/framework/src/Illuminate/Session/Middleware/StartSession.php(143): tap(Object(Illuminate\\Session\\Store), Object(Closure))
#24 /home/tameem/Desktop/api_tutorial/vendor/laravel/framework/src/Illuminate/Session/Middleware/StartSession.php(115): Illuminate\\Session\\Middleware\\StartSession->startSession(Object(Illuminate\\Http\\Request), Object(Illuminate\\Session\\Store))
#25 /home/tameem/Desktop/api_tutorial/vendor/laravel/framework/src/Illuminate/Session/Middleware/StartSession.php(63): Illuminate\\Session\\Middleware\\StartSession->handleStatefulRequest(Object(Illuminate\\Http\\Request), Object(Illuminate\\Session\\Store), Object(Closure))
#26 /home/tameem/Desktop/api_tutorial/vendor/laravel/framework/src/Illuminate/Pipeline/Pipeline.php(208): Illuminate\\Session\\Middleware\\StartSession->handle(Object(Illuminate\\Http\\Request), Object(Closure))
#27 /home/tameem/Desktop/api_tutorial/vendor/laravel/framework/src/Illuminate/Cookie/Middleware/AddQueuedCookiesToResponse.php(36): Illuminate\\Pipeline\\Pipeline->{closure:{closure:Illuminate\\Pipeline\\Pipeline::carry():183}:184}(Object(Illuminate\\Http\\Request))
#28 /home/tameem/Desktop/api_tutorial/vendor/laravel/framework/src/Illuminate/Pipeline/Pipeline.php(208): Illuminate\\Cookie\\Middleware\\AddQueuedCookiesToResponse->handle(Object(Illuminate\\Http\\Request), Object(Closure))
#29 /home/tameem/Desktop/api_tutorial/vendor/laravel/framework/src/Illuminate/Cookie/Middleware/EncryptCookies.php(74): Illuminate\\Pipeline\\Pipeline->{closure:{closure:Illuminate\\Pipeline\\Pipeline::carry():183}:184}(Object(Illuminate\\Http\\Request))
#30 /home/tameem/Desktop/api_tutorial/vendor/laravel/framework/src/Illuminate/Pipeline/Pipeline.php(208): Illuminate\\Cookie\\Middleware\\EncryptCookies->handle(Object(Illuminate\\Http\\Request), Object(Closure))
#31 /home/tameem/Desktop/api_tutorial/vendor/laravel/framework/src/Illuminate/Pipeline/Pipeline.php(126): Illuminate\\Pipeline\\Pipeline->{closure:{closure:Illuminate\\Pipeline\\Pipeline::carry():183}:184}(Object(Illuminate\\Http\\Request))
#32 /home/tameem/Desktop/api_tutorial/vendor/laravel/framework/src/Illuminate/Routing/Router.php(807): Illuminate\\Pipeline\\Pipeline->then(Object(Closure))
#33 /home/tameem/Desktop/api_tutorial/vendor/laravel/framework/src/Illuminate/Routing/Router.php(786): Illuminate\\Routing\\Router->runRouteWithinStack(Object(Illuminate\\Routing\\Route), Object(Illuminate\\Http\\Request))
#34 /home/tameem/Desktop/api_tutorial/vendor/laravel/framework/src/Illuminate/Routing/Router.php(750): Illuminate\\Routing\\Router->runRoute(Object(Illuminate\\Http\\Request), Object(Illuminate\\Routing\\Route))
#35 /home/tameem/Desktop/api_tutorial/vendor/laravel/framework/src/Illuminate/Routing/Router.php(739): Illuminate\\Routing\\Router->dispatchToRoute(Object(Illuminate\\Http\\Request))
#36 /home/tameem/Desktop/api_tutorial/vendor/laravel/framework/src/Illuminate/Foundation/Http/Kernel.php(200): Illuminate\\Routing\\Router->dispatch(Object(Illuminate\\Http\\Request))
#37 /home/tameem/Desktop/api_tutorial/vendor/laravel/framework/src/Illuminate/Pipeline/Pipeline.php(169): Illuminate\\Foundation\\Http\\Kernel->{closure:Illuminate\\Foundation\\Http\\Kernel::dispatchToRouter():197}(Object(Illuminate\\Http\\Request))
#38 /home/tameem/Desktop/api_tutorial/vendor/laravel/framework/src/Illuminate/Foundation/Http/Middleware/TransformsRequest.php(21): Illuminate\\Pipeline\\Pipeline->{closure:Illuminate\\Pipeline\\Pipeline::prepareDestination():167}(Object(Illuminate\\Http\\Request))
#39 /home/tameem/Desktop/api_tutorial/vendor/laravel/framework/src/Illuminate/Foundation/Http/Middleware/ConvertEmptyStringsToNull.php(31): Illuminate\\Foundation\\Http\\Middleware\\TransformsRequest->handle(Object(Illuminate\\Http\\Request), Object(Closure))
#40 /home/tameem/Desktop/api_tutorial/vendor/laravel/framework/src/Illuminate/Pipeline/Pipeline.php(208): Illuminate\\Foundation\\Http\\Middleware\\ConvertEmptyStringsToNull->handle(Object(Illuminate\\Http\\Request), Object(Closure))
#41 /home/tameem/Desktop/api_tutorial/vendor/laravel/framework/src/Illuminate/Foundation/Http/Middleware/TransformsRequest.php(21): Illuminate\\Pipeline\\Pipeline->{closure:{closure:Illuminate\\Pipeline\\Pipeline::carry():183}:184}(Object(Illuminate\\Http\\Request))
#42 /home/tameem/Desktop/api_tutorial/vendor/laravel/framework/src/Illuminate/Foundation/Http/Middleware/TrimStrings.php(51): Illuminate\\Foundation\\Http\\Middleware\\TransformsRequest->handle(Object(Illuminate\\Http\\Request), Object(Closure))
#43 /home/tameem/Desktop/api_tutorial/vendor/laravel/framework/src/Illuminate/Pipeline/Pipeline.php(208): Illuminate\\Foundation\\Http\\Middleware\\TrimStrings->handle(Object(Illuminate\\Http\\Request), Object(Closure))
#44 /home/tameem/Desktop/api_tutorial/vendor/laravel/framework/src/Illuminate/Http/Middleware/ValidatePostSize.php(27): Illuminate\\Pipeline\\Pipeline->{closure:{closure:Illuminate\\Pipeline\\Pipeline::carry():183}:184}(Object(Illuminate\\Http\\Request))
#45 /home/tameem/Desktop/api_tutorial/vendor/laravel/framework/src/Illuminate/Pipeline/Pipeline.php(208): Illuminate\\Http\\Middleware\\ValidatePostSize->handle(Object(Illuminate\\Http\\Request), Object(Closure))
#46 /home/tameem/Desktop/api_tutorial/vendor/laravel/framework/src/Illuminate/Foundation/Http/Middleware/PreventRequestsDuringMaintenance.php(109): Illuminate\\Pipeline\\Pipeline->{closure:{closure:Illuminate\\Pipeline\\Pipeline::carry():183}:184}(Object(Illuminate\\Http\\Request))
#47 /home/tameem/Desktop/api_tutorial/vendor/laravel/framework/src/Illuminate/Pipeline/Pipeline.php(208): Illuminate\\Foundation\\Http\\Middleware\\PreventRequestsDuringMaintenance->handle(Object(Illuminate\\Http\\Request), Object(Closure))
#48 /home/tameem/Desktop/api_tutorial/vendor/laravel/framework/src/Illuminate/Http/Middleware/HandleCors.php(48): Illuminate\\Pipeline\\Pipeline->{closure:{closure:Illuminate\\Pipeline\\Pipeline::carry():183}:184}(Object(Illuminate\\Http\\Request))
#49 /home/tameem/Desktop/api_tutorial/vendor/laravel/framework/src/Illuminate/Pipeline/Pipeline.php(208): Illuminate\\Http\\Middleware\\HandleCors->handle(Object(Illuminate\\Http\\Request), Object(Closure))
#50 /home/tameem/Desktop/api_tutorial/vendor/laravel/framework/src/Illuminate/Http/Middleware/TrustProxies.php(58): Illuminate\\Pipeline\\Pipeline->{closure:{closure:Illuminate\\Pipeline\\Pipeline::carry():183}:184}(Object(Illuminate\\Http\\Request))
#51 /home/tameem/Desktop/api_tutorial/vendor/laravel/framework/src/Illuminate/Pipeline/Pipeline.php(208): Illuminate\\Http\\Middleware\\TrustProxies->handle(Object(Illuminate\\Http\\Request), Object(Closure))
#52 /home/tameem/Desktop/api_tutorial/vendor/laravel/framework/src/Illuminate/Foundation/Http/Middleware/InvokeDeferredCallbacks.php(22): Illuminate\\Pipeline\\Pipeline->{closure:{closure:Illuminate\\Pipeline\\Pipeline::carry():183}:184}(Object(Illuminate\\Http\\Request))
#53 /home/tameem/Desktop/api_tutorial/vendor/laravel/framework/src/Illuminate/Pipeline/Pipeline.php(208): Illuminate\\Foundation\\Http\\Middleware\\InvokeDeferredCallbacks->handle(Object(Illuminate\\Http\\Request), Object(Closure))
#54 /home/tameem/Desktop/api_tutorial/vendor/laravel/framework/src/Illuminate/Http/Middleware/ValidatePathEncoding.php(26): Illuminate\\Pipeline\\Pipeline->{closure:{closure:Illuminate\\Pipeline\\Pipeline::carry():183}:184}(Object(Illuminate\\Http\\Request))
#55 /home/tameem/Desktop/api_tutorial/vendor/laravel/framework/src/Illuminate/Pipeline/Pipeline.php(208): Illuminate\\Http\\Middleware\\ValidatePathEncoding->handle(Object(Illuminate\\Http\\Request), Object(Closure))
#56 /home/tameem/Desktop/api_tutorial/vendor/laravel/framework/src/Illuminate/Pipeline/Pipeline.php(126): Illuminate\\Pipeline\\Pipeline->{closure:{closure:Illuminate\\Pipeline\\Pipeline::carry():183}:184}(Object(Illuminate\\Http\\Request))
#57 /home/tameem/Desktop/api_tutorial/vendor/laravel/framework/src/Illuminate/Foundation/Http/Kernel.php(175): Illuminate\\Pipeline\\Pipeline->then(Object(Closure))
#58 /home/tameem/Desktop/api_tutorial/vendor/laravel/framework/src/Illuminate/Foundation/Http/Kernel.php(144): Illuminate\\Foundation\\Http\\Kernel->sendRequestThroughRouter(Object(Illuminate\\Http\\Request))
#59 /home/tameem/Desktop/api_tutorial/vendor/laravel/framework/src/Illuminate/Foundation/Application.php(1219): Illuminate\\Foundation\\Http\\Kernel->handle(Object(Illuminate\\Http\\Request))
#60 /home/tameem/Desktop/api_tutorial/public/index.php(20): Illuminate\\Foundation\\Application->handleRequest(Object(Illuminate\\Http\\Request))
#61 /home/tameem/Desktop/api_tutorial/vendor/laravel/framework/src/Illuminate/Foundation/resources/server.php(23): require_once('/home/tameem/De...')
#62 {main}
"} 
[2025-04-24 17:41:28] local.ERROR: syntax error, unexpected token "}", expecting ";" {"exception":"[object] (ParseError(code: 0): syntax error, unexpected token \"}\", expecting \";\" at /home/tameem/Desktop/api_tutorial/routes/api.php:15)
[stacktrace]
#0 /home/tameem/Desktop/api_tutorial/vendor/laravel/framework/src/Illuminate/Routing/Router.php(512): Illuminate\\Routing\\RouteFileRegistrar->register('/home/tameem/De...')
#1 /home/tameem/Desktop/api_tutorial/vendor/laravel/framework/src/Illuminate/Routing/Router.php(466): Illuminate\\Routing\\Router->loadRoutes('/home/tameem/De...')
#2 /home/tameem/Desktop/api_tutorial/vendor/laravel/framework/src/Illuminate/Routing/RouteRegistrar.php(206): Illuminate\\Routing\\Router->group(Array, '/home/tameem/De...')
#3 /home/tameem/Desktop/api_tutorial/vendor/laravel/framework/src/Illuminate/Foundation/Configuration/ApplicationBuilder.php(214): Illuminate\\Routing\\RouteRegistrar->group('/home/tameem/De...')
#4 /home/tameem/Desktop/api_tutorial/vendor/laravel/framework/src/Illuminate/Container/BoundMethod.php(36): Illuminate\\Foundation\\Configuration\\ApplicationBuilder->{closure:Illuminate\\Foundation\\Configuration\\ApplicationBuilder::buildRoutingCallback():205}()
#5 /home/tameem/Desktop/api_tutorial/vendor/laravel/framework/src/Illuminate/Container/Util.php(43): Illuminate\\Container\\BoundMethod::{closure:Illuminate\\Container\\BoundMethod::call():35}()
#6 /home/tameem/Desktop/api_tutorial/vendor/laravel/framework/src/Illuminate/Container/BoundMethod.php(84): Illuminate\\Container\\Util::unwrapIfClosure(Object(Closure))
#7 /home/tameem/Desktop/api_tutorial/vendor/laravel/framework/src/Illuminate/Container/BoundMethod.php(35): Illuminate\\Container\\BoundMethod::callBoundMethod(Object(Illuminate\\Foundation\\Application), Object(Closure), Object(Closure))
#8 /home/tameem/Desktop/api_tutorial/vendor/laravel/framework/src/Illuminate/Container/Container.php(754): Illuminate\\Container\\BoundMethod::call(Object(Illuminate\\Foundation\\Application), Object(Closure), Array, NULL)
#9 /home/tameem/Desktop/api_tutorial/vendor/laravel/framework/src/Illuminate/Foundation/Support/Providers/RouteServiceProvider.php(162): Illuminate\\Container\\Container->call(Object(Closure))
#10 /home/tameem/Desktop/api_tutorial/vendor/laravel/framework/src/Illuminate/Foundation/Support/Providers/RouteServiceProvider.php(59): Illuminate\\Foundation\\Support\\Providers\\RouteServiceProvider->loadRoutes()
#11 /home/tameem/Desktop/api_tutorial/vendor/laravel/framework/src/Illuminate/Container/BoundMethod.php(36): Illuminate\\Foundation\\Support\\Providers\\RouteServiceProvider->{closure:Illuminate\\Foundation\\Support\\Providers\\RouteServiceProvider::register():53}()
#12 /home/tameem/Desktop/api_tutorial/vendor/laravel/framework/src/Illuminate/Container/Util.php(43): Illuminate\\Container\\BoundMethod::{closure:Illuminate\\Container\\BoundMethod::call():35}()
#13 /home/tameem/Desktop/api_tutorial/vendor/laravel/framework/src/Illuminate/Container/BoundMethod.php(84): Illuminate\\Container\\Util::unwrapIfClosure(Object(Closure))
#14 /home/tameem/Desktop/api_tutorial/vendor/laravel/framework/src/Illuminate/Container/BoundMethod.php(35): Illuminate\\Container\\BoundMethod::callBoundMethod(Object(Illuminate\\Foundation\\Application), Object(Closure), Object(Closure))
#15 /home/tameem/Desktop/api_tutorial/vendor/laravel/framework/src/Illuminate/Container/Container.php(754): Illuminate\\Container\\BoundMethod::call(Object(Illuminate\\Foundation\\Application), Object(Closure), Array, NULL)
#16 /home/tameem/Desktop/api_tutorial/vendor/laravel/framework/src/Illuminate/Support/ServiceProvider.php(143): Illuminate\\Container\\Container->call(Object(Closure))
#17 /home/tameem/Desktop/api_tutorial/vendor/laravel/framework/src/Illuminate/Foundation/Application.php(1153): Illuminate\\Support\\ServiceProvider->callBootedCallbacks()
#18 /home/tameem/Desktop/api_tutorial/vendor/laravel/framework/src/Illuminate/Foundation/Application.php(1131): Illuminate\\Foundation\\Application->bootProvider(Object(Illuminate\\Foundation\\Support\\Providers\\RouteServiceProvider))
#19 [internal function]: Illuminate\\Foundation\\Application->{closure:Illuminate\\Foundation\\Application::boot():1130}(Object(Illuminate\\Foundation\\Support\\Providers\\RouteServiceProvider), 'Illuminate\\\\Foun...')
#20 /home/tameem/Desktop/api_tutorial/vendor/laravel/framework/src/Illuminate/Foundation/Application.php(1130): array_walk(Array, Object(Closure))
#21 /home/tameem/Desktop/api_tutorial/vendor/laravel/framework/src/Illuminate/Foundation/Bootstrap/BootProviders.php(17): Illuminate\\Foundation\\Application->boot()
#22 /home/tameem/Desktop/api_tutorial/vendor/laravel/framework/src/Illuminate/Foundation/Application.php(341): Illuminate\\Foundation\\Bootstrap\\BootProviders->bootstrap(Object(Illuminate\\Foundation\\Application))
#23 /home/tameem/Desktop/api_tutorial/vendor/laravel/framework/src/Illuminate/Foundation/Console/Kernel.php(473): Illuminate\\Foundation\\Application->bootstrapWith(Array)
#24 /home/tameem/Desktop/api_tutorial/vendor/laravel/framework/src/Illuminate/Foundation/Console/Kernel.php(195): Illuminate\\Foundation\\Console\\Kernel->bootstrap()
#25 Command line code(1): Illuminate\\Foundation\\Console\\Kernel->handle(Object(Symfony\\Component\\Console\\Input\\ArgvInput), Object(Symfony\\Component\\Console\\Output\\ConsoleOutput))
#26 {main}
"} 
[2025-04-24 17:41:28] local.ERROR: syntax error, unexpected token "}", expecting ";" {"exception":"[object] (ParseError(code: 0): syntax error, unexpected token \"}\", expecting \";\" at /home/tameem/Desktop/api_tutorial/routes/api.php:15)
[stacktrace]
#0 /home/tameem/Desktop/api_tutorial/vendor/laravel/framework/src/Illuminate/Routing/Router.php(512): Illuminate\\Routing\\RouteFileRegistrar->register('/home/tameem/De...')
#1 /home/tameem/Desktop/api_tutorial/vendor/laravel/framework/src/Illuminate/Routing/Router.php(466): Illuminate\\Routing\\Router->loadRoutes('/home/tameem/De...')
#2 /home/tameem/Desktop/api_tutorial/vendor/laravel/framework/src/Illuminate/Routing/RouteRegistrar.php(206): Illuminate\\Routing\\Router->group(Array, '/home/tameem/De...')
#3 /home/tameem/Desktop/api_tutorial/vendor/laravel/framework/src/Illuminate/Foundation/Configuration/ApplicationBuilder.php(214): Illuminate\\Routing\\RouteRegistrar->group('/home/tameem/De...')
#4 /home/tameem/Desktop/api_tutorial/vendor/laravel/framework/src/Illuminate/Container/BoundMethod.php(36): Illuminate\\Foundation\\Configuration\\ApplicationBuilder->{closure:Illuminate\\Foundation\\Configuration\\ApplicationBuilder::buildRoutingCallback():205}()
#5 /home/tameem/Desktop/api_tutorial/vendor/laravel/framework/src/Illuminate/Container/Util.php(43): Illuminate\\Container\\BoundMethod::{closure:Illuminate\\Container\\BoundMethod::call():35}()
#6 /home/tameem/Desktop/api_tutorial/vendor/laravel/framework/src/Illuminate/Container/BoundMethod.php(84): Illuminate\\Container\\Util::unwrapIfClosure(Object(Closure))
#7 /home/tameem/Desktop/api_tutorial/vendor/laravel/framework/src/Illuminate/Container/BoundMethod.php(35): Illuminate\\Container\\BoundMethod::callBoundMethod(Object(Illuminate\\Foundation\\Application), Object(Closure), Object(Closure))
#8 /home/tameem/Desktop/api_tutorial/vendor/laravel/framework/src/Illuminate/Container/Container.php(754): Illuminate\\Container\\BoundMethod::call(Object(Illuminate\\Foundation\\Application), Object(Closure), Array, NULL)
#9 /home/tameem/Desktop/api_tutorial/vendor/laravel/framework/src/Illuminate/Foundation/Support/Providers/RouteServiceProvider.php(162): Illuminate\\Container\\Container->call(Object(Closure))
#10 /home/tameem/Desktop/api_tutorial/vendor/laravel/framework/src/Illuminate/Foundation/Support/Providers/RouteServiceProvider.php(59): Illuminate\\Foundation\\Support\\Providers\\RouteServiceProvider->loadRoutes()
#11 /home/tameem/Desktop/api_tutorial/vendor/laravel/framework/src/Illuminate/Container/BoundMethod.php(36): Illuminate\\Foundation\\Support\\Providers\\RouteServiceProvider->{closure:Illuminate\\Foundation\\Support\\Providers\\RouteServiceProvider::register():53}()
#12 /home/tameem/Desktop/api_tutorial/vendor/laravel/framework/src/Illuminate/Container/Util.php(43): Illuminate\\Container\\BoundMethod::{closure:Illuminate\\Container\\BoundMethod::call():35}()
#13 /home/tameem/Desktop/api_tutorial/vendor/laravel/framework/src/Illuminate/Container/BoundMethod.php(84): Illuminate\\Container\\Util::unwrapIfClosure(Object(Closure))
#14 /home/tameem/Desktop/api_tutorial/vendor/laravel/framework/src/Illuminate/Container/BoundMethod.php(35): Illuminate\\Container\\BoundMethod::callBoundMethod(Object(Illuminate\\Foundation\\Application), Object(Closure), Object(Closure))
#15 /home/tameem/Desktop/api_tutorial/vendor/laravel/framework/src/Illuminate/Container/Container.php(754): Illuminate\\Container\\BoundMethod::call(Object(Illuminate\\Foundation\\Application), Object(Closure), Array, NULL)
#16 /home/tameem/Desktop/api_tutorial/vendor/laravel/framework/src/Illuminate/Support/ServiceProvider.php(143): Illuminate\\Container\\Container->call(Object(Closure))
#17 /home/tameem/Desktop/api_tutorial/vendor/laravel/framework/src/Illuminate/Foundation/Application.php(1153): Illuminate\\Support\\ServiceProvider->callBootedCallbacks()
#18 /home/tameem/Desktop/api_tutorial/vendor/laravel/framework/src/Illuminate/Foundation/Application.php(1131): Illuminate\\Foundation\\Application->bootProvider(Object(Illuminate\\Foundation\\Support\\Providers\\RouteServiceProvider))
#19 [internal function]: Illuminate\\Foundation\\Application->{closure:Illuminate\\Foundation\\Application::boot():1130}(Object(Illuminate\\Foundation\\Support\\Providers\\RouteServiceProvider), 'Illuminate\\\\Foun...')
#20 /home/tameem/Desktop/api_tutorial/vendor/laravel/framework/src/Illuminate/Foundation/Application.php(1130): array_walk(Array, Object(Closure))
#21 /home/tameem/Desktop/api_tutorial/vendor/laravel/framework/src/Illuminate/Foundation/Bootstrap/BootProviders.php(17): Illuminate\\Foundation\\Application->boot()
#22 /home/tameem/Desktop/api_tutorial/vendor/laravel/framework/src/Illuminate/Foundation/Application.php(341): Illuminate\\Foundation\\Bootstrap\\BootProviders->bootstrap(Object(Illuminate\\Foundation\\Application))
#23 /home/tameem/Desktop/api_tutorial/vendor/laravel/framework/src/Illuminate/Foundation/Console/Kernel.php(473): Illuminate\\Foundation\\Application->bootstrapWith(Array)
#24 /home/tameem/Desktop/api_tutorial/vendor/laravel/framework/src/Illuminate/Foundation/Console/Kernel.php(195): Illuminate\\Foundation\\Console\\Kernel->bootstrap()
#25 Command line code(1): Illuminate\\Foundation\\Console\\Kernel->handle(Object(Symfony\\Component\\Console\\Input\\ArgvInput), Object(Symfony\\Component\\Console\\Output\\ConsoleOutput))
#26 {main}
"} 
[2025-04-24 17:41:32] local.ERROR: syntax error, unexpected token "}", expecting ";" {"exception":"[object] (ParseError(code: 0): syntax error, unexpected token \"}\", expecting \";\" at /home/tameem/Desktop/api_tutorial/routes/api.php:15)
[stacktrace]
#0 /home/tameem/Desktop/api_tutorial/vendor/laravel/framework/src/Illuminate/Routing/Router.php(512): Illuminate\\Routing\\RouteFileRegistrar->register('/home/tameem/De...')
#1 /home/tameem/Desktop/api_tutorial/vendor/laravel/framework/src/Illuminate/Routing/Router.php(466): Illuminate\\Routing\\Router->loadRoutes('/home/tameem/De...')
#2 /home/tameem/Desktop/api_tutorial/vendor/laravel/framework/src/Illuminate/Routing/RouteRegistrar.php(206): Illuminate\\Routing\\Router->group(Array, '/home/tameem/De...')
#3 /home/tameem/Desktop/api_tutorial/vendor/laravel/framework/src/Illuminate/Foundation/Configuration/ApplicationBuilder.php(214): Illuminate\\Routing\\RouteRegistrar->group('/home/tameem/De...')
#4 /home/tameem/Desktop/api_tutorial/vendor/laravel/framework/src/Illuminate/Container/BoundMethod.php(36): Illuminate\\Foundation\\Configuration\\ApplicationBuilder->{closure:Illuminate\\Foundation\\Configuration\\ApplicationBuilder::buildRoutingCallback():205}()
#5 /home/tameem/Desktop/api_tutorial/vendor/laravel/framework/src/Illuminate/Container/Util.php(43): Illuminate\\Container\\BoundMethod::{closure:Illuminate\\Container\\BoundMethod::call():35}()
#6 /home/tameem/Desktop/api_tutorial/vendor/laravel/framework/src/Illuminate/Container/BoundMethod.php(84): Illuminate\\Container\\Util::unwrapIfClosure(Object(Closure))
#7 /home/tameem/Desktop/api_tutorial/vendor/laravel/framework/src/Illuminate/Container/BoundMethod.php(35): Illuminate\\Container\\BoundMethod::callBoundMethod(Object(Illuminate\\Foundation\\Application), Object(Closure), Object(Closure))
#8 /home/tameem/Desktop/api_tutorial/vendor/laravel/framework/src/Illuminate/Container/Container.php(754): Illuminate\\Container\\BoundMethod::call(Object(Illuminate\\Foundation\\Application), Object(Closure), Array, NULL)
#9 /home/tameem/Desktop/api_tutorial/vendor/laravel/framework/src/Illuminate/Foundation/Support/Providers/RouteServiceProvider.php(162): Illuminate\\Container\\Container->call(Object(Closure))
#10 /home/tameem/Desktop/api_tutorial/vendor/laravel/framework/src/Illuminate/Foundation/Support/Providers/RouteServiceProvider.php(59): Illuminate\\Foundation\\Support\\Providers\\RouteServiceProvider->loadRoutes()
#11 /home/tameem/Desktop/api_tutorial/vendor/laravel/framework/src/Illuminate/Container/BoundMethod.php(36): Illuminate\\Foundation\\Support\\Providers\\RouteServiceProvider->{closure:Illuminate\\Foundation\\Support\\Providers\\RouteServiceProvider::register():53}()
#12 /home/tameem/Desktop/api_tutorial/vendor/laravel/framework/src/Illuminate/Container/Util.php(43): Illuminate\\Container\\BoundMethod::{closure:Illuminate\\Container\\BoundMethod::call():35}()
#13 /home/tameem/Desktop/api_tutorial/vendor/laravel/framework/src/Illuminate/Container/BoundMethod.php(84): Illuminate\\Container\\Util::unwrapIfClosure(Object(Closure))
#14 /home/tameem/Desktop/api_tutorial/vendor/laravel/framework/src/Illuminate/Container/BoundMethod.php(35): Illuminate\\Container\\BoundMethod::callBoundMethod(Object(Illuminate\\Foundation\\Application), Object(Closure), Object(Closure))
#15 /home/tameem/Desktop/api_tutorial/vendor/laravel/framework/src/Illuminate/Container/Container.php(754): Illuminate\\Container\\BoundMethod::call(Object(Illuminate\\Foundation\\Application), Object(Closure), Array, NULL)
#16 /home/tameem/Desktop/api_tutorial/vendor/laravel/framework/src/Illuminate/Support/ServiceProvider.php(143): Illuminate\\Container\\Container->call(Object(Closure))
#17 /home/tameem/Desktop/api_tutorial/vendor/laravel/framework/src/Illuminate/Foundation/Application.php(1153): Illuminate\\Support\\ServiceProvider->callBootedCallbacks()
#18 /home/tameem/Desktop/api_tutorial/vendor/laravel/framework/src/Illuminate/Foundation/Application.php(1131): Illuminate\\Foundation\\Application->bootProvider(Object(Illuminate\\Foundation\\Support\\Providers\\RouteServiceProvider))
#19 [internal function]: Illuminate\\Foundation\\Application->{closure:Illuminate\\Foundation\\Application::boot():1130}(Object(Illuminate\\Foundation\\Support\\Providers\\RouteServiceProvider), 'Illuminate\\\\Foun...')
#20 /home/tameem/Desktop/api_tutorial/vendor/laravel/framework/src/Illuminate/Foundation/Application.php(1130): array_walk(Array, Object(Closure))
#21 /home/tameem/Desktop/api_tutorial/vendor/laravel/framework/src/Illuminate/Foundation/Bootstrap/BootProviders.php(17): Illuminate\\Foundation\\Application->boot()
#22 /home/tameem/Desktop/api_tutorial/vendor/laravel/framework/src/Illuminate/Foundation/Application.php(341): Illuminate\\Foundation\\Bootstrap\\BootProviders->bootstrap(Object(Illuminate\\Foundation\\Application))
#23 /home/tameem/Desktop/api_tutorial/vendor/laravel/framework/src/Illuminate/Foundation/Console/Kernel.php(473): Illuminate\\Foundation\\Application->bootstrapWith(Array)
#24 /home/tameem/Desktop/api_tutorial/vendor/laravel/framework/src/Illuminate/Foundation/Console/Kernel.php(195): Illuminate\\Foundation\\Console\\Kernel->bootstrap()
#25 Command line code(1): Illuminate\\Foundation\\Console\\Kernel->handle(Object(Symfony\\Component\\Console\\Input\\ArgvInput), Object(Symfony\\Component\\Console\\Output\\ConsoleOutput))
#26 {main}
"} 
[2025-04-25 08:29:34] local.ERROR: SQLSTATE[HY000] [1049] Unknown database 'realstat' (Connection: mysql, SQL: select * from `sessions` where `id` = xD8O9A4TLTNfPDByMJdS0ClN5oKHvO3UZTuPQPsg limit 1) {"exception":"[object] (Illuminate\\Database\\QueryException(code: 1049): SQLSTATE[HY000] [1049] Unknown database 'realstat' (Connection: mysql, SQL: select * from `sessions` where `id` = xD8O9A4TLTNfPDByMJdS0ClN5oKHvO3UZTuPQPsg limit 1) at /home/tameem/Desktop/api_tutorial/vendor/laravel/framework/src/Illuminate/Database/Connection.php:822)
[stacktrace]
#0 /home/tameem/Desktop/api_tutorial/vendor/laravel/framework/src/Illuminate/Database/Connection.php(776): Illuminate\\Database\\Connection->runQueryCallback('select * from `...', Array, Object(Closure))
#1 /home/tameem/Desktop/api_tutorial/vendor/laravel/framework/src/Illuminate/Database/Connection.php(395): Illuminate\\Database\\Connection->run('select * from `...', Array, Object(Closure))
#2 /home/tameem/Desktop/api_tutorial/vendor/laravel/framework/src/Illuminate/Database/Query/Builder.php(3107): Illuminate\\Database\\Connection->select('select * from `...', Array, false)
#3 /home/tameem/Desktop/api_tutorial/vendor/laravel/framework/src/Illuminate/Database/Query/Builder.php(3092): Illuminate\\Database\\Query\\Builder->runSelect()
#4 /home/tameem/Desktop/api_tutorial/vendor/laravel/framework/src/Illuminate/Database/Query/Builder.php(3679): Illuminate\\Database\\Query\\Builder->{closure:Illuminate\\Database\\Query\\Builder::get():3091}()
#5 /home/tameem/Desktop/api_tutorial/vendor/laravel/framework/src/Illuminate/Database/Query/Builder.php(3091): Illuminate\\Database\\Query\\Builder->onceWithColumns(Array, Object(Closure))
#6 /home/tameem/Desktop/api_tutorial/vendor/laravel/framework/src/Illuminate/Database/Concerns/BuildsQueries.php(366): Illuminate\\Database\\Query\\Builder->get(Array)
#7 /home/tameem/Desktop/api_tutorial/vendor/laravel/framework/src/Illuminate/Database/Query/Builder.php(3014): Illuminate\\Database\\Query\\Builder->first(Array)
#8 /home/tameem/Desktop/api_tutorial/vendor/laravel/framework/src/Illuminate/Session/DatabaseSessionHandler.php(96): Illuminate\\Database\\Query\\Builder->find('xD8O9A4TLTNfPDB...')
#9 /home/tameem/Desktop/api_tutorial/vendor/laravel/framework/src/Illuminate/Session/Store.php(116): Illuminate\\Session\\DatabaseSessionHandler->read('xD8O9A4TLTNfPDB...')
#10 /home/tameem/Desktop/api_tutorial/vendor/laravel/framework/src/Illuminate/Session/Store.php(104): Illuminate\\Session\\Store->readFromHandler()
#11 /home/tameem/Desktop/api_tutorial/vendor/laravel/framework/src/Illuminate/Session/Store.php(88): Illuminate\\Session\\Store->loadSession()
#12 /home/tameem/Desktop/api_tutorial/vendor/laravel/framework/src/Illuminate/Session/Middleware/StartSession.php(146): Illuminate\\Session\\Store->start()
#13 /home/tameem/Desktop/api_tutorial/vendor/laravel/framework/src/Illuminate/Support/helpers.php(399): Illuminate\\Session\\Middleware\\StartSession->{closure:Illuminate\\Session\\Middleware\\StartSession::startSession():143}(Object(Illuminate\\Session\\Store))
#14 /home/tameem/Desktop/api_tutorial/vendor/laravel/framework/src/Illuminate/Session/Middleware/StartSession.php(143): tap(Object(Illuminate\\Session\\Store), Object(Closure))
#15 /home/tameem/Desktop/api_tutorial/vendor/laravel/framework/src/Illuminate/Session/Middleware/StartSession.php(115): Illuminate\\Session\\Middleware\\StartSession->startSession(Object(Illuminate\\Http\\Request), Object(Illuminate\\Session\\Store))
#16 /home/tameem/Desktop/api_tutorial/vendor/laravel/framework/src/Illuminate/Session/Middleware/StartSession.php(63): Illuminate\\Session\\Middleware\\StartSession->handleStatefulRequest(Object(Illuminate\\Http\\Request), Object(Illuminate\\Session\\Store), Object(Closure))
#17 /home/tameem/Desktop/api_tutorial/vendor/laravel/framework/src/Illuminate/Pipeline/Pipeline.php(208): Illuminate\\Session\\Middleware\\StartSession->handle(Object(Illuminate\\Http\\Request), Object(Closure))
#18 /home/tameem/Desktop/api_tutorial/vendor/laravel/framework/src/Illuminate/Cookie/Middleware/AddQueuedCookiesToResponse.php(36): Illuminate\\Pipeline\\Pipeline->{closure:{closure:Illuminate\\Pipeline\\Pipeline::carry():183}:184}(Object(Illuminate\\Http\\Request))
#19 /home/tameem/Desktop/api_tutorial/vendor/laravel/framework/src/Illuminate/Pipeline/Pipeline.php(208): Illuminate\\Cookie\\Middleware\\AddQueuedCookiesToResponse->handle(Object(Illuminate\\Http\\Request), Object(Closure))
#20 /home/tameem/Desktop/api_tutorial/vendor/laravel/framework/src/Illuminate/Cookie/Middleware/EncryptCookies.php(74): Illuminate\\Pipeline\\Pipeline->{closure:{closure:Illuminate\\Pipeline\\Pipeline::carry():183}:184}(Object(Illuminate\\Http\\Request))
#21 /home/tameem/Desktop/api_tutorial/vendor/laravel/framework/src/Illuminate/Pipeline/Pipeline.php(208): Illuminate\\Cookie\\Middleware\\EncryptCookies->handle(Object(Illuminate\\Http\\Request), Object(Closure))
#22 /home/tameem/Desktop/api_tutorial/vendor/laravel/framework/src/Illuminate/Pipeline/Pipeline.php(126): Illuminate\\Pipeline\\Pipeline->{closure:{closure:Illuminate\\Pipeline\\Pipeline::carry():183}:184}(Object(Illuminate\\Http\\Request))
#23 /home/tameem/Desktop/api_tutorial/vendor/laravel/framework/src/Illuminate/Routing/Router.php(807): Illuminate\\Pipeline\\Pipeline->then(Object(Closure))
#24 /home/tameem/Desktop/api_tutorial/vendor/laravel/framework/src/Illuminate/Routing/Router.php(786): Illuminate\\Routing\\Router->runRouteWithinStack(Object(Illuminate\\Routing\\Route), Object(Illuminate\\Http\\Request))
#25 /home/tameem/Desktop/api_tutorial/vendor/laravel/framework/src/Illuminate/Routing/Router.php(750): Illuminate\\Routing\\Router->runRoute(Object(Illuminate\\Http\\Request), Object(Illuminate\\Routing\\Route))
#26 /home/tameem/Desktop/api_tutorial/vendor/laravel/framework/src/Illuminate/Routing/Router.php(739): Illuminate\\Routing\\Router->dispatchToRoute(Object(Illuminate\\Http\\Request))
#27 /home/tameem/Desktop/api_tutorial/vendor/laravel/framework/src/Illuminate/Foundation/Http/Kernel.php(200): Illuminate\\Routing\\Router->dispatch(Object(Illuminate\\Http\\Request))
#28 /home/tameem/Desktop/api_tutorial/vendor/laravel/framework/src/Illuminate/Pipeline/Pipeline.php(169): Illuminate\\Foundation\\Http\\Kernel->{closure:Illuminate\\Foundation\\Http\\Kernel::dispatchToRouter():197}(Object(Illuminate\\Http\\Request))
#29 /home/tameem/Desktop/api_tutorial/vendor/laravel/framework/src/Illuminate/Foundation/Http/Middleware/TransformsRequest.php(21): Illuminate\\Pipeline\\Pipeline->{closure:Illuminate\\Pipeline\\Pipeline::prepareDestination():167}(Object(Illuminate\\Http\\Request))
#30 /home/tameem/Desktop/api_tutorial/vendor/laravel/framework/src/Illuminate/Foundation/Http/Middleware/ConvertEmptyStringsToNull.php(31): Illuminate\\Foundation\\Http\\Middleware\\TransformsRequest->handle(Object(Illuminate\\Http\\Request), Object(Closure))
#31 /home/tameem/Desktop/api_tutorial/vendor/laravel/framework/src/Illuminate/Pipeline/Pipeline.php(208): Illuminate\\Foundation\\Http\\Middleware\\ConvertEmptyStringsToNull->handle(Object(Illuminate\\Http\\Request), Object(Closure))
#32 /home/tameem/Desktop/api_tutorial/vendor/laravel/framework/src/Illuminate/Foundation/Http/Middleware/TransformsRequest.php(21): Illuminate\\Pipeline\\Pipeline->{closure:{closure:Illuminate\\Pipeline\\Pipeline::carry():183}:184}(Object(Illuminate\\Http\\Request))
#33 /home/tameem/Desktop/api_tutorial/vendor/laravel/framework/src/Illuminate/Foundation/Http/Middleware/TrimStrings.php(51): Illuminate\\Foundation\\Http\\Middleware\\TransformsRequest->handle(Object(Illuminate\\Http\\Request), Object(Closure))
#34 /home/tameem/Desktop/api_tutorial/vendor/laravel/framework/src/Illuminate/Pipeline/Pipeline.php(208): Illuminate\\Foundation\\Http\\Middleware\\TrimStrings->handle(Object(Illuminate\\Http\\Request), Object(Closure))
#35 /home/tameem/Desktop/api_tutorial/vendor/laravel/framework/src/Illuminate/Http/Middleware/ValidatePostSize.php(27): Illuminate\\Pipeline\\Pipeline->{closure:{closure:Illuminate\\Pipeline\\Pipeline::carry():183}:184}(Object(Illuminate\\Http\\Request))
#36 /home/tameem/Desktop/api_tutorial/vendor/laravel/framework/src/Illuminate/Pipeline/Pipeline.php(208): Illuminate\\Http\\Middleware\\ValidatePostSize->handle(Object(Illuminate\\Http\\Request), Object(Closure))
#37 /home/tameem/Desktop/api_tutorial/vendor/laravel/framework/src/Illuminate/Foundation/Http/Middleware/PreventRequestsDuringMaintenance.php(109): Illuminate\\Pipeline\\Pipeline->{closure:{closure:Illuminate\\Pipeline\\Pipeline::carry():183}:184}(Object(Illuminate\\Http\\Request))
#38 /home/tameem/Desktop/api_tutorial/vendor/laravel/framework/src/Illuminate/Pipeline/Pipeline.php(208): Illuminate\\Foundation\\Http\\Middleware\\PreventRequestsDuringMaintenance->handle(Object(Illuminate\\Http\\Request), Object(Closure))
#39 /home/tameem/Desktop/api_tutorial/vendor/laravel/framework/src/Illuminate/Http/Middleware/HandleCors.php(48): Illuminate\\Pipeline\\Pipeline->{closure:{closure:Illuminate\\Pipeline\\Pipeline::carry():183}:184}(Object(Illuminate\\Http\\Request))
#40 /home/tameem/Desktop/api_tutorial/vendor/laravel/framework/src/Illuminate/Pipeline/Pipeline.php(208): Illuminate\\Http\\Middleware\\HandleCors->handle(Object(Illuminate\\Http\\Request), Object(Closure))
#41 /home/tameem/Desktop/api_tutorial/vendor/laravel/framework/src/Illuminate/Http/Middleware/TrustProxies.php(58): Illuminate\\Pipeline\\Pipeline->{closure:{closure:Illuminate\\Pipeline\\Pipeline::carry():183}:184}(Object(Illuminate\\Http\\Request))
#42 /home/tameem/Desktop/api_tutorial/vendor/laravel/framework/src/Illuminate/Pipeline/Pipeline.php(208): Illuminate\\Http\\Middleware\\TrustProxies->handle(Object(Illuminate\\Http\\Request), Object(Closure))
#43 /home/tameem/Desktop/api_tutorial/vendor/laravel/framework/src/Illuminate/Foundation/Http/Middleware/InvokeDeferredCallbacks.php(22): Illuminate\\Pipeline\\Pipeline->{closure:{closure:Illuminate\\Pipeline\\Pipeline::carry():183}:184}(Object(Illuminate\\Http\\Request))
#44 /home/tameem/Desktop/api_tutorial/vendor/laravel/framework/src/Illuminate/Pipeline/Pipeline.php(208): Illuminate\\Foundation\\Http\\Middleware\\InvokeDeferredCallbacks->handle(Object(Illuminate\\Http\\Request), Object(Closure))
#45 /home/tameem/Desktop/api_tutorial/vendor/laravel/framework/src/Illuminate/Http/Middleware/ValidatePathEncoding.php(26): Illuminate\\Pipeline\\Pipeline->{closure:{closure:Illuminate\\Pipeline\\Pipeline::carry():183}:184}(Object(Illuminate\\Http\\Request))
#46 /home/tameem/Desktop/api_tutorial/vendor/laravel/framework/src/Illuminate/Pipeline/Pipeline.php(208): Illuminate\\Http\\Middleware\\ValidatePathEncoding->handle(Object(Illuminate\\Http\\Request), Object(Closure))
#47 /home/tameem/Desktop/api_tutorial/vendor/laravel/framework/src/Illuminate/Pipeline/Pipeline.php(126): Illuminate\\Pipeline\\Pipeline->{closure:{closure:Illuminate\\Pipeline\\Pipeline::carry():183}:184}(Object(Illuminate\\Http\\Request))
#48 /home/tameem/Desktop/api_tutorial/vendor/laravel/framework/src/Illuminate/Foundation/Http/Kernel.php(175): Illuminate\\Pipeline\\Pipeline->then(Object(Closure))
#49 /home/tameem/Desktop/api_tutorial/vendor/laravel/framework/src/Illuminate/Foundation/Http/Kernel.php(144): Illuminate\\Foundation\\Http\\Kernel->sendRequestThroughRouter(Object(Illuminate\\Http\\Request))
#50 /home/tameem/Desktop/api_tutorial/vendor/laravel/framework/src/Illuminate/Foundation/Application.php(1219): Illuminate\\Foundation\\Http\\Kernel->handle(Object(Illuminate\\Http\\Request))
#51 /home/tameem/Desktop/api_tutorial/public/index.php(20): Illuminate\\Foundation\\Application->handleRequest(Object(Illuminate\\Http\\Request))
#52 /home/tameem/Desktop/api_tutorial/vendor/laravel/framework/src/Illuminate/Foundation/resources/server.php(23): require_once('/home/tameem/De...')
#53 {main}

[previous exception] [object] (PDOException(code: 1049): SQLSTATE[HY000] [1049] Unknown database 'realstat' at /home/tameem/Desktop/api_tutorial/vendor/laravel/framework/src/Illuminate/Database/Connectors/Connector.php:67)
[stacktrace]
#0 /home/tameem/Desktop/api_tutorial/vendor/laravel/framework/src/Illuminate/Database/Connectors/Connector.php(67): PDO::connect('mysql:host=127....', 'root', Object(SensitiveParameterValue), Array)
#1 /home/tameem/Desktop/api_tutorial/vendor/laravel/framework/src/Illuminate/Database/Connectors/Connector.php(44): Illuminate\\Database\\Connectors\\Connector->createPdoConnection('mysql:host=127....', 'root', Object(SensitiveParameterValue), Array)
#2 /home/tameem/Desktop/api_tutorial/vendor/laravel/framework/src/Illuminate/Database/Connectors/MySqlConnector.php(24): Illuminate\\Database\\Connectors\\Connector->createConnection('mysql:host=127....', Array, Array)
#3 /home/tameem/Desktop/api_tutorial/vendor/laravel/framework/src/Illuminate/Database/Connectors/ConnectionFactory.php(184): Illuminate\\Database\\Connectors\\MySqlConnector->connect(Array)
#4 [internal function]: Illuminate\\Database\\Connectors\\ConnectionFactory->{closure:Illuminate\\Database\\Connectors\\ConnectionFactory::createPdoResolverWithHosts():179}()
#5 /home/tameem/Desktop/api_tutorial/vendor/laravel/framework/src/Illuminate/Database/Connection.php(1228): call_user_func(Object(Closure))
#6 /home/tameem/Desktop/api_tutorial/vendor/laravel/framework/src/Illuminate/Database/Connection.php(509): Illuminate\\Database\\Connection->getPdo()
#7 /home/tameem/Desktop/api_tutorial/vendor/laravel/framework/src/Illuminate/Database/Connection.php(404): Illuminate\\Database\\Connection->getPdoForSelect(false)
#8 /home/tameem/Desktop/api_tutorial/vendor/laravel/framework/src/Illuminate/Database/Connection.php(809): Illuminate\\Database\\Connection->{closure:Illuminate\\Database\\Connection::select():395}('select * from `...', Array)
#9 /home/tameem/Desktop/api_tutorial/vendor/laravel/framework/src/Illuminate/Database/Connection.php(776): Illuminate\\Database\\Connection->runQueryCallback('select * from `...', Array, Object(Closure))
#10 /home/tameem/Desktop/api_tutorial/vendor/laravel/framework/src/Illuminate/Database/Connection.php(395): Illuminate\\Database\\Connection->run('select * from `...', Array, Object(Closure))
#11 /home/tameem/Desktop/api_tutorial/vendor/laravel/framework/src/Illuminate/Database/Query/Builder.php(3107): Illuminate\\Database\\Connection->select('select * from `...', Array, false)
#12 /home/tameem/Desktop/api_tutorial/vendor/laravel/framework/src/Illuminate/Database/Query/Builder.php(3092): Illuminate\\Database\\Query\\Builder->runSelect()
#13 /home/tameem/Desktop/api_tutorial/vendor/laravel/framework/src/Illuminate/Database/Query/Builder.php(3679): Illuminate\\Database\\Query\\Builder->{closure:Illuminate\\Database\\Query\\Builder::get():3091}()
#14 /home/tameem/Desktop/api_tutorial/vendor/laravel/framework/src/Illuminate/Database/Query/Builder.php(3091): Illuminate\\Database\\Query\\Builder->onceWithColumns(Array, Object(Closure))
#15 /home/tameem/Desktop/api_tutorial/vendor/laravel/framework/src/Illuminate/Database/Concerns/BuildsQueries.php(366): Illuminate\\Database\\Query\\Builder->get(Array)
#16 /home/tameem/Desktop/api_tutorial/vendor/laravel/framework/src/Illuminate/Database/Query/Builder.php(3014): Illuminate\\Database\\Query\\Builder->first(Array)
#17 /home/tameem/Desktop/api_tutorial/vendor/laravel/framework/src/Illuminate/Session/DatabaseSessionHandler.php(96): Illuminate\\Database\\Query\\Builder->find('xD8O9A4TLTNfPDB...')
#18 /home/tameem/Desktop/api_tutorial/vendor/laravel/framework/src/Illuminate/Session/Store.php(116): Illuminate\\Session\\DatabaseSessionHandler->read('xD8O9A4TLTNfPDB...')
#19 /home/tameem/Desktop/api_tutorial/vendor/laravel/framework/src/Illuminate/Session/Store.php(104): Illuminate\\Session\\Store->readFromHandler()
#20 /home/tameem/Desktop/api_tutorial/vendor/laravel/framework/src/Illuminate/Session/Store.php(88): Illuminate\\Session\\Store->loadSession()
#21 /home/tameem/Desktop/api_tutorial/vendor/laravel/framework/src/Illuminate/Session/Middleware/StartSession.php(146): Illuminate\\Session\\Store->start()
#22 /home/tameem/Desktop/api_tutorial/vendor/laravel/framework/src/Illuminate/Support/helpers.php(399): Illuminate\\Session\\Middleware\\StartSession->{closure:Illuminate\\Session\\Middleware\\StartSession::startSession():143}(Object(Illuminate\\Session\\Store))
#23 /home/tameem/Desktop/api_tutorial/vendor/laravel/framework/src/Illuminate/Session/Middleware/StartSession.php(143): tap(Object(Illuminate\\Session\\Store), Object(Closure))
#24 /home/tameem/Desktop/api_tutorial/vendor/laravel/framework/src/Illuminate/Session/Middleware/StartSession.php(115): Illuminate\\Session\\Middleware\\StartSession->startSession(Object(Illuminate\\Http\\Request), Object(Illuminate\\Session\\Store))
#25 /home/tameem/Desktop/api_tutorial/vendor/laravel/framework/src/Illuminate/Session/Middleware/StartSession.php(63): Illuminate\\Session\\Middleware\\StartSession->handleStatefulRequest(Object(Illuminate\\Http\\Request), Object(Illuminate\\Session\\Store), Object(Closure))
#26 /home/tameem/Desktop/api_tutorial/vendor/laravel/framework/src/Illuminate/Pipeline/Pipeline.php(208): Illuminate\\Session\\Middleware\\StartSession->handle(Object(Illuminate\\Http\\Request), Object(Closure))
#27 /home/tameem/Desktop/api_tutorial/vendor/laravel/framework/src/Illuminate/Cookie/Middleware/AddQueuedCookiesToResponse.php(36): Illuminate\\Pipeline\\Pipeline->{closure:{closure:Illuminate\\Pipeline\\Pipeline::carry():183}:184}(Object(Illuminate\\Http\\Request))
#28 /home/tameem/Desktop/api_tutorial/vendor/laravel/framework/src/Illuminate/Pipeline/Pipeline.php(208): Illuminate\\Cookie\\Middleware\\AddQueuedCookiesToResponse->handle(Object(Illuminate\\Http\\Request), Object(Closure))
#29 /home/tameem/Desktop/api_tutorial/vendor/laravel/framework/src/Illuminate/Cookie/Middleware/EncryptCookies.php(74): Illuminate\\Pipeline\\Pipeline->{closure:{closure:Illuminate\\Pipeline\\Pipeline::carry():183}:184}(Object(Illuminate\\Http\\Request))
#30 /home/tameem/Desktop/api_tutorial/vendor/laravel/framework/src/Illuminate/Pipeline/Pipeline.php(208): Illuminate\\Cookie\\Middleware\\EncryptCookies->handle(Object(Illuminate\\Http\\Request), Object(Closure))
#31 /home/tameem/Desktop/api_tutorial/vendor/laravel/framework/src/Illuminate/Pipeline/Pipeline.php(126): Illuminate\\Pipeline\\Pipeline->{closure:{closure:Illuminate\\Pipeline\\Pipeline::carry():183}:184}(Object(Illuminate\\Http\\Request))
#32 /home/tameem/Desktop/api_tutorial/vendor/laravel/framework/src/Illuminate/Routing/Router.php(807): Illuminate\\Pipeline\\Pipeline->then(Object(Closure))
#33 /home/tameem/Desktop/api_tutorial/vendor/laravel/framework/src/Illuminate/Routing/Router.php(786): Illuminate\\Routing\\Router->runRouteWithinStack(Object(Illuminate\\Routing\\Route), Object(Illuminate\\Http\\Request))
#34 /home/tameem/Desktop/api_tutorial/vendor/laravel/framework/src/Illuminate/Routing/Router.php(750): Illuminate\\Routing\\Router->runRoute(Object(Illuminate\\Http\\Request), Object(Illuminate\\Routing\\Route))
#35 /home/tameem/Desktop/api_tutorial/vendor/laravel/framework/src/Illuminate/Routing/Router.php(739): Illuminate\\Routing\\Router->dispatchToRoute(Object(Illuminate\\Http\\Request))
#36 /home/tameem/Desktop/api_tutorial/vendor/laravel/framework/src/Illuminate/Foundation/Http/Kernel.php(200): Illuminate\\Routing\\Router->dispatch(Object(Illuminate\\Http\\Request))
#37 /home/tameem/Desktop/api_tutorial/vendor/laravel/framework/src/Illuminate/Pipeline/Pipeline.php(169): Illuminate\\Foundation\\Http\\Kernel->{closure:Illuminate\\Foundation\\Http\\Kernel::dispatchToRouter():197}(Object(Illuminate\\Http\\Request))
#38 /home/tameem/Desktop/api_tutorial/vendor/laravel/framework/src/Illuminate/Foundation/Http/Middleware/TransformsRequest.php(21): Illuminate\\Pipeline\\Pipeline->{closure:Illuminate\\Pipeline\\Pipeline::prepareDestination():167}(Object(Illuminate\\Http\\Request))
#39 /home/tameem/Desktop/api_tutorial/vendor/laravel/framework/src/Illuminate/Foundation/Http/Middleware/ConvertEmptyStringsToNull.php(31): Illuminate\\Foundation\\Http\\Middleware\\TransformsRequest->handle(Object(Illuminate\\Http\\Request), Object(Closure))
#40 /home/tameem/Desktop/api_tutorial/vendor/laravel/framework/src/Illuminate/Pipeline/Pipeline.php(208): Illuminate\\Foundation\\Http\\Middleware\\ConvertEmptyStringsToNull->handle(Object(Illuminate\\Http\\Request), Object(Closure))
#41 /home/tameem/Desktop/api_tutorial/vendor/laravel/framework/src/Illuminate/Foundation/Http/Middleware/TransformsRequest.php(21): Illuminate\\Pipeline\\Pipeline->{closure:{closure:Illuminate\\Pipeline\\Pipeline::carry():183}:184}(Object(Illuminate\\Http\\Request))
#42 /home/tameem/Desktop/api_tutorial/vendor/laravel/framework/src/Illuminate/Foundation/Http/Middleware/TrimStrings.php(51): Illuminate\\Foundation\\Http\\Middleware\\TransformsRequest->handle(Object(Illuminate\\Http\\Request), Object(Closure))
#43 /home/tameem/Desktop/api_tutorial/vendor/laravel/framework/src/Illuminate/Pipeline/Pipeline.php(208): Illuminate\\Foundation\\Http\\Middleware\\TrimStrings->handle(Object(Illuminate\\Http\\Request), Object(Closure))
#44 /home/tameem/Desktop/api_tutorial/vendor/laravel/framework/src/Illuminate/Http/Middleware/ValidatePostSize.php(27): Illuminate\\Pipeline\\Pipeline->{closure:{closure:Illuminate\\Pipeline\\Pipeline::carry():183}:184}(Object(Illuminate\\Http\\Request))
#45 /home/tameem/Desktop/api_tutorial/vendor/laravel/framework/src/Illuminate/Pipeline/Pipeline.php(208): Illuminate\\Http\\Middleware\\ValidatePostSize->handle(Object(Illuminate\\Http\\Request), Object(Closure))
#46 /home/tameem/Desktop/api_tutorial/vendor/laravel/framework/src/Illuminate/Foundation/Http/Middleware/PreventRequestsDuringMaintenance.php(109): Illuminate\\Pipeline\\Pipeline->{closure:{closure:Illuminate\\Pipeline\\Pipeline::carry():183}:184}(Object(Illuminate\\Http\\Request))
#47 /home/tameem/Desktop/api_tutorial/vendor/laravel/framework/src/Illuminate/Pipeline/Pipeline.php(208): Illuminate\\Foundation\\Http\\Middleware\\PreventRequestsDuringMaintenance->handle(Object(Illuminate\\Http\\Request), Object(Closure))
#48 /home/tameem/Desktop/api_tutorial/vendor/laravel/framework/src/Illuminate/Http/Middleware/HandleCors.php(48): Illuminate\\Pipeline\\Pipeline->{closure:{closure:Illuminate\\Pipeline\\Pipeline::carry():183}:184}(Object(Illuminate\\Http\\Request))
#49 /home/tameem/Desktop/api_tutorial/vendor/laravel/framework/src/Illuminate/Pipeline/Pipeline.php(208): Illuminate\\Http\\Middleware\\HandleCors->handle(Object(Illuminate\\Http\\Request), Object(Closure))
#50 /home/tameem/Desktop/api_tutorial/vendor/laravel/framework/src/Illuminate/Http/Middleware/TrustProxies.php(58): Illuminate\\Pipeline\\Pipeline->{closure:{closure:Illuminate\\Pipeline\\Pipeline::carry():183}:184}(Object(Illuminate\\Http\\Request))
#51 /home/tameem/Desktop/api_tutorial/vendor/laravel/framework/src/Illuminate/Pipeline/Pipeline.php(208): Illuminate\\Http\\Middleware\\TrustProxies->handle(Object(Illuminate\\Http\\Request), Object(Closure))
#52 /home/tameem/Desktop/api_tutorial/vendor/laravel/framework/src/Illuminate/Foundation/Http/Middleware/InvokeDeferredCallbacks.php(22): Illuminate\\Pipeline\\Pipeline->{closure:{closure:Illuminate\\Pipeline\\Pipeline::carry():183}:184}(Object(Illuminate\\Http\\Request))
#53 /home/tameem/Desktop/api_tutorial/vendor/laravel/framework/src/Illuminate/Pipeline/Pipeline.php(208): Illuminate\\Foundation\\Http\\Middleware\\InvokeDeferredCallbacks->handle(Object(Illuminate\\Http\\Request), Object(Closure))
#54 /home/tameem/Desktop/api_tutorial/vendor/laravel/framework/src/Illuminate/Http/Middleware/ValidatePathEncoding.php(26): Illuminate\\Pipeline\\Pipeline->{closure:{closure:Illuminate\\Pipeline\\Pipeline::carry():183}:184}(Object(Illuminate\\Http\\Request))
#55 /home/tameem/Desktop/api_tutorial/vendor/laravel/framework/src/Illuminate/Pipeline/Pipeline.php(208): Illuminate\\Http\\Middleware\\ValidatePathEncoding->handle(Object(Illuminate\\Http\\Request), Object(Closure))
#56 /home/tameem/Desktop/api_tutorial/vendor/laravel/framework/src/Illuminate/Pipeline/Pipeline.php(126): Illuminate\\Pipeline\\Pipeline->{closure:{closure:Illuminate\\Pipeline\\Pipeline::carry():183}:184}(Object(Illuminate\\Http\\Request))
#57 /home/tameem/Desktop/api_tutorial/vendor/laravel/framework/src/Illuminate/Foundation/Http/Kernel.php(175): Illuminate\\Pipeline\\Pipeline->then(Object(Closure))
#58 /home/tameem/Desktop/api_tutorial/vendor/laravel/framework/src/Illuminate/Foundation/Http/Kernel.php(144): Illuminate\\Foundation\\Http\\Kernel->sendRequestThroughRouter(Object(Illuminate\\Http\\Request))
#59 /home/tameem/Desktop/api_tutorial/vendor/laravel/framework/src/Illuminate/Foundation/Application.php(1219): Illuminate\\Foundation\\Http\\Kernel->handle(Object(Illuminate\\Http\\Request))
#60 /home/tameem/Desktop/api_tutorial/public/index.php(20): Illuminate\\Foundation\\Application->handleRequest(Object(Illuminate\\Http\\Request))
#61 /home/tameem/Desktop/api_tutorial/vendor/laravel/framework/src/Illuminate/Foundation/resources/server.php(23): require_once('/home/tameem/De...')
#62 {main}
"} 
[2025-04-29 13:21:59] local.ERROR: Route [login] not defined. {"exception":"[object] (Symfony\\Component\\Routing\\Exception\\RouteNotFoundException(code: 0): Route [login] not defined. at /home/tameem/Desktop/api_tutorial/vendor/laravel/framework/src/Illuminate/Routing/UrlGenerator.php:526)
[stacktrace]
#0 /home/tameem/Desktop/api_tutorial/vendor/laravel/framework/src/Illuminate/Foundation/helpers.php(856): Illuminate\\Routing\\UrlGenerator->route('login', Array, true)
#1 /home/tameem/Desktop/api_tutorial/vendor/laravel/framework/src/Illuminate/Foundation/Configuration/ApplicationBuilder.php(278): route('login')
#2 [internal function]: Illuminate\\Foundation\\Configuration\\ApplicationBuilder->{closure:{closure:Illuminate\\Foundation\\Configuration\\ApplicationBuilder::withMiddleware():276}:278}(Object(Illuminate\\Http\\Request))
#3 /home/tameem/Desktop/api_tutorial/vendor/laravel/framework/src/Illuminate/Auth/Middleware/Authenticate.php(117): call_user_func(Object(Closure), Object(Illuminate\\Http\\Request))
#4 /home/tameem/Desktop/api_tutorial/vendor/laravel/framework/src/Illuminate/Auth/Middleware/Authenticate.php(104): Illuminate\\Auth\\Middleware\\Authenticate->redirectTo(Object(Illuminate\\Http\\Request))
#5 /home/tameem/Desktop/api_tutorial/vendor/laravel/framework/src/Illuminate/Auth/Middleware/Authenticate.php(87): Illuminate\\Auth\\Middleware\\Authenticate->unauthenticated(Object(Illuminate\\Http\\Request), Array)
#6 /home/tameem/Desktop/api_tutorial/vendor/laravel/framework/src/Illuminate/Auth/Middleware/Authenticate.php(61): Illuminate\\Auth\\Middleware\\Authenticate->authenticate(Object(Illuminate\\Http\\Request), Array)
#7 /home/tameem/Desktop/api_tutorial/vendor/laravel/framework/src/Illuminate/Pipeline/Pipeline.php(208): Illuminate\\Auth\\Middleware\\Authenticate->handle(Object(Illuminate\\Http\\Request), Object(Closure), 'sanctum')
#8 /home/tameem/Desktop/api_tutorial/vendor/laravel/framework/src/Illuminate/Pipeline/Pipeline.php(126): Illuminate\\Pipeline\\Pipeline->{closure:{closure:Illuminate\\Pipeline\\Pipeline::carry():183}:184}(Object(Illuminate\\Http\\Request))
#9 /home/tameem/Desktop/api_tutorial/vendor/laravel/framework/src/Illuminate/Routing/Router.php(807): Illuminate\\Pipeline\\Pipeline->then(Object(Closure))
#10 /home/tameem/Desktop/api_tutorial/vendor/laravel/framework/src/Illuminate/Routing/Router.php(786): Illuminate\\Routing\\Router->runRouteWithinStack(Object(Illuminate\\Routing\\Route), Object(Illuminate\\Http\\Request))
#11 /home/tameem/Desktop/api_tutorial/vendor/laravel/framework/src/Illuminate/Routing/Router.php(750): Illuminate\\Routing\\Router->runRoute(Object(Illuminate\\Http\\Request), Object(Illuminate\\Routing\\Route))
#12 /home/tameem/Desktop/api_tutorial/vendor/laravel/framework/src/Illuminate/Routing/Router.php(739): Illuminate\\Routing\\Router->dispatchToRoute(Object(Illuminate\\Http\\Request))
#13 /home/tameem/Desktop/api_tutorial/vendor/laravel/framework/src/Illuminate/Foundation/Http/Kernel.php(200): Illuminate\\Routing\\Router->dispatch(Object(Illuminate\\Http\\Request))
#14 /home/tameem/Desktop/api_tutorial/vendor/laravel/framework/src/Illuminate/Pipeline/Pipeline.php(169): Illuminate\\Foundation\\Http\\Kernel->{closure:Illuminate\\Foundation\\Http\\Kernel::dispatchToRouter():197}(Object(Illuminate\\Http\\Request))
#15 /home/tameem/Desktop/api_tutorial/vendor/laravel/framework/src/Illuminate/Foundation/Http/Middleware/TransformsRequest.php(21): Illuminate\\Pipeline\\Pipeline->{closure:Illuminate\\Pipeline\\Pipeline::prepareDestination():167}(Object(Illuminate\\Http\\Request))
#16 /home/tameem/Desktop/api_tutorial/vendor/laravel/framework/src/Illuminate/Foundation/Http/Middleware/ConvertEmptyStringsToNull.php(31): Illuminate\\Foundation\\Http\\Middleware\\TransformsRequest->handle(Object(Illuminate\\Http\\Request), Object(Closure))
#17 /home/tameem/Desktop/api_tutorial/vendor/laravel/framework/src/Illuminate/Pipeline/Pipeline.php(208): Illuminate\\Foundation\\Http\\Middleware\\ConvertEmptyStringsToNull->handle(Object(Illuminate\\Http\\Request), Object(Closure))
#18 /home/tameem/Desktop/api_tutorial/vendor/laravel/framework/src/Illuminate/Foundation/Http/Middleware/TransformsRequest.php(21): Illuminate\\Pipeline\\Pipeline->{closure:{closure:Illuminate\\Pipeline\\Pipeline::carry():183}:184}(Object(Illuminate\\Http\\Request))
#19 /home/tameem/Desktop/api_tutorial/vendor/laravel/framework/src/Illuminate/Foundation/Http/Middleware/TrimStrings.php(51): Illuminate\\Foundation\\Http\\Middleware\\TransformsRequest->handle(Object(Illuminate\\Http\\Request), Object(Closure))
#20 /home/tameem/Desktop/api_tutorial/vendor/laravel/framework/src/Illuminate/Pipeline/Pipeline.php(208): Illuminate\\Foundation\\Http\\Middleware\\TrimStrings->handle(Object(Illuminate\\Http\\Request), Object(Closure))
#21 /home/tameem/Desktop/api_tutorial/vendor/laravel/framework/src/Illuminate/Http/Middleware/ValidatePostSize.php(27): Illuminate\\Pipeline\\Pipeline->{closure:{closure:Illuminate\\Pipeline\\Pipeline::carry():183}:184}(Object(Illuminate\\Http\\Request))
#22 /home/tameem/Desktop/api_tutorial/vendor/laravel/framework/src/Illuminate/Pipeline/Pipeline.php(208): Illuminate\\Http\\Middleware\\ValidatePostSize->handle(Object(Illuminate\\Http\\Request), Object(Closure))
#23 /home/tameem/Desktop/api_tutorial/vendor/laravel/framework/src/Illuminate/Foundation/Http/Middleware/PreventRequestsDuringMaintenance.php(109): Illuminate\\Pipeline\\Pipeline->{closure:{closure:Illuminate\\Pipeline\\Pipeline::carry():183}:184}(Object(Illuminate\\Http\\Request))
#24 /home/tameem/Desktop/api_tutorial/vendor/laravel/framework/src/Illuminate/Pipeline/Pipeline.php(208): Illuminate\\Foundation\\Http\\Middleware\\PreventRequestsDuringMaintenance->handle(Object(Illuminate\\Http\\Request), Object(Closure))
#25 /home/tameem/Desktop/api_tutorial/vendor/laravel/framework/src/Illuminate/Http/Middleware/HandleCors.php(61): Illuminate\\Pipeline\\Pipeline->{closure:{closure:Illuminate\\Pipeline\\Pipeline::carry():183}:184}(Object(Illuminate\\Http\\Request))
#26 /home/tameem/Desktop/api_tutorial/vendor/laravel/framework/src/Illuminate/Pipeline/Pipeline.php(208): Illuminate\\Http\\Middleware\\HandleCors->handle(Object(Illuminate\\Http\\Request), Object(Closure))
#27 /home/tameem/Desktop/api_tutorial/vendor/laravel/framework/src/Illuminate/Http/Middleware/TrustProxies.php(58): Illuminate\\Pipeline\\Pipeline->{closure:{closure:Illuminate\\Pipeline\\Pipeline::carry():183}:184}(Object(Illuminate\\Http\\Request))
#28 /home/tameem/Desktop/api_tutorial/vendor/laravel/framework/src/Illuminate/Pipeline/Pipeline.php(208): Illuminate\\Http\\Middleware\\TrustProxies->handle(Object(Illuminate\\Http\\Request), Object(Closure))
#29 /home/tameem/Desktop/api_tutorial/vendor/laravel/framework/src/Illuminate/Foundation/Http/Middleware/InvokeDeferredCallbacks.php(22): Illuminate\\Pipeline\\Pipeline->{closure:{closure:Illuminate\\Pipeline\\Pipeline::carry():183}:184}(Object(Illuminate\\Http\\Request))
#30 /home/tameem/Desktop/api_tutorial/vendor/laravel/framework/src/Illuminate/Pipeline/Pipeline.php(208): Illuminate\\Foundation\\Http\\Middleware\\InvokeDeferredCallbacks->handle(Object(Illuminate\\Http\\Request), Object(Closure))
#31 /home/tameem/Desktop/api_tutorial/vendor/laravel/framework/src/Illuminate/Http/Middleware/ValidatePathEncoding.php(26): Illuminate\\Pipeline\\Pipeline->{closure:{closure:Illuminate\\Pipeline\\Pipeline::carry():183}:184}(Object(Illuminate\\Http\\Request))
#32 /home/tameem/Desktop/api_tutorial/vendor/laravel/framework/src/Illuminate/Pipeline/Pipeline.php(208): Illuminate\\Http\\Middleware\\ValidatePathEncoding->handle(Object(Illuminate\\Http\\Request), Object(Closure))
#33 /home/tameem/Desktop/api_tutorial/vendor/laravel/framework/src/Illuminate/Pipeline/Pipeline.php(126): Illuminate\\Pipeline\\Pipeline->{closure:{closure:Illuminate\\Pipeline\\Pipeline::carry():183}:184}(Object(Illuminate\\Http\\Request))
#34 /home/tameem/Desktop/api_tutorial/vendor/laravel/framework/src/Illuminate/Foundation/Http/Kernel.php(175): Illuminate\\Pipeline\\Pipeline->then(Object(Closure))
#35 /home/tameem/Desktop/api_tutorial/vendor/laravel/framework/src/Illuminate/Foundation/Http/Kernel.php(144): Illuminate\\Foundation\\Http\\Kernel->sendRequestThroughRouter(Object(Illuminate\\Http\\Request))
#36 /home/tameem/Desktop/api_tutorial/vendor/laravel/framework/src/Illuminate/Foundation/Application.php(1219): Illuminate\\Foundation\\Http\\Kernel->handle(Object(Illuminate\\Http\\Request))
#37 /home/tameem/Desktop/api_tutorial/public/index.php(20): Illuminate\\Foundation\\Application->handleRequest(Object(Illuminate\\Http\\Request))
#38 /home/tameem/Desktop/api_tutorial/vendor/laravel/framework/src/Illuminate/Foundation/resources/server.php(23): require_once('/home/tameem/De...')
#39 {main}
"} 
[2025-04-29 13:29:29] local.ERROR: Route [login] not defined. {"exception":"[object] (Symfony\\Component\\Routing\\Exception\\RouteNotFoundException(code: 0): Route [login] not defined. at /home/tameem/Desktop/api_tutorial/vendor/laravel/framework/src/Illuminate/Routing/UrlGenerator.php:526)
[stacktrace]
#0 /home/tameem/Desktop/api_tutorial/vendor/laravel/framework/src/Illuminate/Foundation/helpers.php(856): Illuminate\\Routing\\UrlGenerator->route('login', Array, true)
#1 /home/tameem/Desktop/api_tutorial/vendor/laravel/framework/src/Illuminate/Foundation/Configuration/ApplicationBuilder.php(278): route('login')
#2 [internal function]: Illuminate\\Foundation\\Configuration\\ApplicationBuilder->{closure:{closure:Illuminate\\Foundation\\Configuration\\ApplicationBuilder::withMiddleware():276}:278}(Object(Illuminate\\Http\\Request))
#3 /home/tameem/Desktop/api_tutorial/vendor/laravel/framework/src/Illuminate/Auth/Middleware/Authenticate.php(117): call_user_func(Object(Closure), Object(Illuminate\\Http\\Request))
#4 /home/tameem/Desktop/api_tutorial/vendor/laravel/framework/src/Illuminate/Auth/Middleware/Authenticate.php(104): Illuminate\\Auth\\Middleware\\Authenticate->redirectTo(Object(Illuminate\\Http\\Request))
#5 /home/tameem/Desktop/api_tutorial/vendor/laravel/framework/src/Illuminate/Auth/Middleware/Authenticate.php(87): Illuminate\\Auth\\Middleware\\Authenticate->unauthenticated(Object(Illuminate\\Http\\Request), Array)
#6 /home/tameem/Desktop/api_tutorial/vendor/laravel/framework/src/Illuminate/Auth/Middleware/Authenticate.php(61): Illuminate\\Auth\\Middleware\\Authenticate->authenticate(Object(Illuminate\\Http\\Request), Array)
#7 /home/tameem/Desktop/api_tutorial/vendor/laravel/framework/src/Illuminate/Pipeline/Pipeline.php(208): Illuminate\\Auth\\Middleware\\Authenticate->handle(Object(Illuminate\\Http\\Request), Object(Closure), 'sanctum')
#8 /home/tameem/Desktop/api_tutorial/vendor/laravel/framework/src/Illuminate/Pipeline/Pipeline.php(126): Illuminate\\Pipeline\\Pipeline->{closure:{closure:Illuminate\\Pipeline\\Pipeline::carry():183}:184}(Object(Illuminate\\Http\\Request))
#9 /home/tameem/Desktop/api_tutorial/vendor/laravel/framework/src/Illuminate/Routing/Router.php(807): Illuminate\\Pipeline\\Pipeline->then(Object(Closure))
#10 /home/tameem/Desktop/api_tutorial/vendor/laravel/framework/src/Illuminate/Routing/Router.php(786): Illuminate\\Routing\\Router->runRouteWithinStack(Object(Illuminate\\Routing\\Route), Object(Illuminate\\Http\\Request))
#11 /home/tameem/Desktop/api_tutorial/vendor/laravel/framework/src/Illuminate/Routing/Router.php(750): Illuminate\\Routing\\Router->runRoute(Object(Illuminate\\Http\\Request), Object(Illuminate\\Routing\\Route))
#12 /home/tameem/Desktop/api_tutorial/vendor/laravel/framework/src/Illuminate/Routing/Router.php(739): Illuminate\\Routing\\Router->dispatchToRoute(Object(Illuminate\\Http\\Request))
#13 /home/tameem/Desktop/api_tutorial/vendor/laravel/framework/src/Illuminate/Foundation/Http/Kernel.php(200): Illuminate\\Routing\\Router->dispatch(Object(Illuminate\\Http\\Request))
#14 /home/tameem/Desktop/api_tutorial/vendor/laravel/framework/src/Illuminate/Pipeline/Pipeline.php(169): Illuminate\\Foundation\\Http\\Kernel->{closure:Illuminate\\Foundation\\Http\\Kernel::dispatchToRouter():197}(Object(Illuminate\\Http\\Request))
#15 /home/tameem/Desktop/api_tutorial/vendor/laravel/framework/src/Illuminate/Foundation/Http/Middleware/TransformsRequest.php(21): Illuminate\\Pipeline\\Pipeline->{closure:Illuminate\\Pipeline\\Pipeline::prepareDestination():167}(Object(Illuminate\\Http\\Request))
#16 /home/tameem/Desktop/api_tutorial/vendor/laravel/framework/src/Illuminate/Foundation/Http/Middleware/ConvertEmptyStringsToNull.php(31): Illuminate\\Foundation\\Http\\Middleware\\TransformsRequest->handle(Object(Illuminate\\Http\\Request), Object(Closure))
#17 /home/tameem/Desktop/api_tutorial/vendor/laravel/framework/src/Illuminate/Pipeline/Pipeline.php(208): Illuminate\\Foundation\\Http\\Middleware\\ConvertEmptyStringsToNull->handle(Object(Illuminate\\Http\\Request), Object(Closure))
#18 /home/tameem/Desktop/api_tutorial/vendor/laravel/framework/src/Illuminate/Foundation/Http/Middleware/TransformsRequest.php(21): Illuminate\\Pipeline\\Pipeline->{closure:{closure:Illuminate\\Pipeline\\Pipeline::carry():183}:184}(Object(Illuminate\\Http\\Request))
#19 /home/tameem/Desktop/api_tutorial/vendor/laravel/framework/src/Illuminate/Foundation/Http/Middleware/TrimStrings.php(51): Illuminate\\Foundation\\Http\\Middleware\\TransformsRequest->handle(Object(Illuminate\\Http\\Request), Object(Closure))
#20 /home/tameem/Desktop/api_tutorial/vendor/laravel/framework/src/Illuminate/Pipeline/Pipeline.php(208): Illuminate\\Foundation\\Http\\Middleware\\TrimStrings->handle(Object(Illuminate\\Http\\Request), Object(Closure))
#21 /home/tameem/Desktop/api_tutorial/vendor/laravel/framework/src/Illuminate/Http/Middleware/ValidatePostSize.php(27): Illuminate\\Pipeline\\Pipeline->{closure:{closure:Illuminate\\Pipeline\\Pipeline::carry():183}:184}(Object(Illuminate\\Http\\Request))
#22 /home/tameem/Desktop/api_tutorial/vendor/laravel/framework/src/Illuminate/Pipeline/Pipeline.php(208): Illuminate\\Http\\Middleware\\ValidatePostSize->handle(Object(Illuminate\\Http\\Request), Object(Closure))
#23 /home/tameem/Desktop/api_tutorial/vendor/laravel/framework/src/Illuminate/Foundation/Http/Middleware/PreventRequestsDuringMaintenance.php(109): Illuminate\\Pipeline\\Pipeline->{closure:{closure:Illuminate\\Pipeline\\Pipeline::carry():183}:184}(Object(Illuminate\\Http\\Request))
#24 /home/tameem/Desktop/api_tutorial/vendor/laravel/framework/src/Illuminate/Pipeline/Pipeline.php(208): Illuminate\\Foundation\\Http\\Middleware\\PreventRequestsDuringMaintenance->handle(Object(Illuminate\\Http\\Request), Object(Closure))
#25 /home/tameem/Desktop/api_tutorial/vendor/laravel/framework/src/Illuminate/Http/Middleware/HandleCors.php(61): Illuminate\\Pipeline\\Pipeline->{closure:{closure:Illuminate\\Pipeline\\Pipeline::carry():183}:184}(Object(Illuminate\\Http\\Request))
#26 /home/tameem/Desktop/api_tutorial/vendor/laravel/framework/src/Illuminate/Pipeline/Pipeline.php(208): Illuminate\\Http\\Middleware\\HandleCors->handle(Object(Illuminate\\Http\\Request), Object(Closure))
#27 /home/tameem/Desktop/api_tutorial/vendor/laravel/framework/src/Illuminate/Http/Middleware/TrustProxies.php(58): Illuminate\\Pipeline\\Pipeline->{closure:{closure:Illuminate\\Pipeline\\Pipeline::carry():183}:184}(Object(Illuminate\\Http\\Request))
#28 /home/tameem/Desktop/api_tutorial/vendor/laravel/framework/src/Illuminate/Pipeline/Pipeline.php(208): Illuminate\\Http\\Middleware\\TrustProxies->handle(Object(Illuminate\\Http\\Request), Object(Closure))
#29 /home/tameem/Desktop/api_tutorial/vendor/laravel/framework/src/Illuminate/Foundation/Http/Middleware/InvokeDeferredCallbacks.php(22): Illuminate\\Pipeline\\Pipeline->{closure:{closure:Illuminate\\Pipeline\\Pipeline::carry():183}:184}(Object(Illuminate\\Http\\Request))
#30 /home/tameem/Desktop/api_tutorial/vendor/laravel/framework/src/Illuminate/Pipeline/Pipeline.php(208): Illuminate\\Foundation\\Http\\Middleware\\InvokeDeferredCallbacks->handle(Object(Illuminate\\Http\\Request), Object(Closure))
#31 /home/tameem/Desktop/api_tutorial/vendor/laravel/framework/src/Illuminate/Http/Middleware/ValidatePathEncoding.php(26): Illuminate\\Pipeline\\Pipeline->{closure:{closure:Illuminate\\Pipeline\\Pipeline::carry():183}:184}(Object(Illuminate\\Http\\Request))
#32 /home/tameem/Desktop/api_tutorial/vendor/laravel/framework/src/Illuminate/Pipeline/Pipeline.php(208): Illuminate\\Http\\Middleware\\ValidatePathEncoding->handle(Object(Illuminate\\Http\\Request), Object(Closure))
#33 /home/tameem/Desktop/api_tutorial/vendor/laravel/framework/src/Illuminate/Pipeline/Pipeline.php(126): Illuminate\\Pipeline\\Pipeline->{closure:{closure:Illuminate\\Pipeline\\Pipeline::carry():183}:184}(Object(Illuminate\\Http\\Request))
#34 /home/tameem/Desktop/api_tutorial/vendor/laravel/framework/src/Illuminate/Foundation/Http/Kernel.php(175): Illuminate\\Pipeline\\Pipeline->then(Object(Closure))
#35 /home/tameem/Desktop/api_tutorial/vendor/laravel/framework/src/Illuminate/Foundation/Http/Kernel.php(144): Illuminate\\Foundation\\Http\\Kernel->sendRequestThroughRouter(Object(Illuminate\\Http\\Request))
#36 /home/tameem/Desktop/api_tutorial/vendor/laravel/framework/src/Illuminate/Foundation/Application.php(1219): Illuminate\\Foundation\\Http\\Kernel->handle(Object(Illuminate\\Http\\Request))
#37 /home/tameem/Desktop/api_tutorial/public/index.php(20): Illuminate\\Foundation\\Application->handleRequest(Object(Illuminate\\Http\\Request))
#38 /home/tameem/Desktop/api_tutorial/vendor/laravel/framework/src/Illuminate/Foundation/resources/server.php(23): require_once('/home/tameem/De...')
#39 {main}
"} 
[2025-04-29 16:09:35] local.ERROR: password_hash() expects at least 2 arguments, 1 given {"exception":"[object] (ArgumentCountError(code: 0): password_hash() expects at least 2 arguments, 1 given at /home/tameem/Desktop/api_tutorial/app/Http/Controllers/UserController.php:31)
[stacktrace]
#0 /home/tameem/Desktop/api_tutorial/app/Http/Controllers/UserController.php(31): password_hash(Object(SensitiveParameterValue))
#1 /home/tameem/Desktop/api_tutorial/vendor/laravel/framework/src/Illuminate/Routing/ControllerDispatcher.php(46): App\\Http\\Controllers\\UserController->addUser(Object(Illuminate\\Http\\Request))
#2 /home/tameem/Desktop/api_tutorial/vendor/laravel/framework/src/Illuminate/Routing/Route.php(265): Illuminate\\Routing\\ControllerDispatcher->dispatch(Object(Illuminate\\Routing\\Route), Object(App\\Http\\Controllers\\UserController), 'addUser')
#3 /home/tameem/Desktop/api_tutorial/vendor/laravel/framework/src/Illuminate/Routing/Route.php(211): Illuminate\\Routing\\Route->runController()
#4 /home/tameem/Desktop/api_tutorial/vendor/laravel/framework/src/Illuminate/Routing/Router.php(808): Illuminate\\Routing\\Route->run()
#5 /home/tameem/Desktop/api_tutorial/vendor/laravel/framework/src/Illuminate/Pipeline/Pipeline.php(169): Illuminate\\Routing\\Router->{closure:Illuminate\\Routing\\Router::runRouteWithinStack():807}(Object(Illuminate\\Http\\Request))
#6 /home/tameem/Desktop/api_tutorial/vendor/laravel/framework/src/Illuminate/Routing/Middleware/SubstituteBindings.php(50): Illuminate\\Pipeline\\Pipeline->{closure:Illuminate\\Pipeline\\Pipeline::prepareDestination():167}(Object(Illuminate\\Http\\Request))
#7 /home/tameem/Desktop/api_tutorial/vendor/laravel/framework/src/Illuminate/Pipeline/Pipeline.php(208): Illuminate\\Routing\\Middleware\\SubstituteBindings->handle(Object(Illuminate\\Http\\Request), Object(Closure))
#8 /home/tameem/Desktop/api_tutorial/vendor/laravel/framework/src/Illuminate/Pipeline/Pipeline.php(126): Illuminate\\Pipeline\\Pipeline->{closure:{closure:Illuminate\\Pipeline\\Pipeline::carry():183}:184}(Object(Illuminate\\Http\\Request))
#9 /home/tameem/Desktop/api_tutorial/vendor/laravel/framework/src/Illuminate/Routing/Router.php(807): Illuminate\\Pipeline\\Pipeline->then(Object(Closure))
#10 /home/tameem/Desktop/api_tutorial/vendor/laravel/framework/src/Illuminate/Routing/Router.php(786): Illuminate\\Routing\\Router->runRouteWithinStack(Object(Illuminate\\Routing\\Route), Object(Illuminate\\Http\\Request))
#11 /home/tameem/Desktop/api_tutorial/vendor/laravel/framework/src/Illuminate/Routing/Router.php(750): Illuminate\\Routing\\Router->runRoute(Object(Illuminate\\Http\\Request), Object(Illuminate\\Routing\\Route))
#12 /home/tameem/Desktop/api_tutorial/vendor/laravel/framework/src/Illuminate/Routing/Router.php(739): Illuminate\\Routing\\Router->dispatchToRoute(Object(Illuminate\\Http\\Request))
#13 /home/tameem/Desktop/api_tutorial/vendor/laravel/framework/src/Illuminate/Foundation/Http/Kernel.php(200): Illuminate\\Routing\\Router->dispatch(Object(Illuminate\\Http\\Request))
#14 /home/tameem/Desktop/api_tutorial/vendor/laravel/framework/src/Illuminate/Pipeline/Pipeline.php(169): Illuminate\\Foundation\\Http\\Kernel->{closure:Illuminate\\Foundation\\Http\\Kernel::dispatchToRouter():197}(Object(Illuminate\\Http\\Request))
#15 /home/tameem/Desktop/api_tutorial/vendor/laravel/framework/src/Illuminate/Foundation/Http/Middleware/TransformsRequest.php(21): Illuminate\\Pipeline\\Pipeline->{closure:Illuminate\\Pipeline\\Pipeline::prepareDestination():167}(Object(Illuminate\\Http\\Request))
#16 /home/tameem/Desktop/api_tutorial/vendor/laravel/framework/src/Illuminate/Foundation/Http/Middleware/ConvertEmptyStringsToNull.php(31): Illuminate\\Foundation\\Http\\Middleware\\TransformsRequest->handle(Object(Illuminate\\Http\\Request), Object(Closure))
#17 /home/tameem/Desktop/api_tutorial/vendor/laravel/framework/src/Illuminate/Pipeline/Pipeline.php(208): Illuminate\\Foundation\\Http\\Middleware\\ConvertEmptyStringsToNull->handle(Object(Illuminate\\Http\\Request), Object(Closure))
#18 /home/tameem/Desktop/api_tutorial/vendor/laravel/framework/src/Illuminate/Foundation/Http/Middleware/TransformsRequest.php(21): Illuminate\\Pipeline\\Pipeline->{closure:{closure:Illuminate\\Pipeline\\Pipeline::carry():183}:184}(Object(Illuminate\\Http\\Request))
#19 /home/tameem/Desktop/api_tutorial/vendor/laravel/framework/src/Illuminate/Foundation/Http/Middleware/TrimStrings.php(51): Illuminate\\Foundation\\Http\\Middleware\\TransformsRequest->handle(Object(Illuminate\\Http\\Request), Object(Closure))
#20 /home/tameem/Desktop/api_tutorial/vendor/laravel/framework/src/Illuminate/Pipeline/Pipeline.php(208): Illuminate\\Foundation\\Http\\Middleware\\TrimStrings->handle(Object(Illuminate\\Http\\Request), Object(Closure))
#21 /home/tameem/Desktop/api_tutorial/vendor/laravel/framework/src/Illuminate/Http/Middleware/ValidatePostSize.php(27): Illuminate\\Pipeline\\Pipeline->{closure:{closure:Illuminate\\Pipeline\\Pipeline::carry():183}:184}(Object(Illuminate\\Http\\Request))
#22 /home/tameem/Desktop/api_tutorial/vendor/laravel/framework/src/Illuminate/Pipeline/Pipeline.php(208): Illuminate\\Http\\Middleware\\ValidatePostSize->handle(Object(Illuminate\\Http\\Request), Object(Closure))
#23 /home/tameem/Desktop/api_tutorial/vendor/laravel/framework/src/Illuminate/Foundation/Http/Middleware/PreventRequestsDuringMaintenance.php(109): Illuminate\\Pipeline\\Pipeline->{closure:{closure:Illuminate\\Pipeline\\Pipeline::carry():183}:184}(Object(Illuminate\\Http\\Request))
#24 /home/tameem/Desktop/api_tutorial/vendor/laravel/framework/src/Illuminate/Pipeline/Pipeline.php(208): Illuminate\\Foundation\\Http\\Middleware\\PreventRequestsDuringMaintenance->handle(Object(Illuminate\\Http\\Request), Object(Closure))
#25 /home/tameem/Desktop/api_tutorial/vendor/laravel/framework/src/Illuminate/Http/Middleware/HandleCors.php(61): Illuminate\\Pipeline\\Pipeline->{closure:{closure:Illuminate\\Pipeline\\Pipeline::carry():183}:184}(Object(Illuminate\\Http\\Request))
#26 /home/tameem/Desktop/api_tutorial/vendor/laravel/framework/src/Illuminate/Pipeline/Pipeline.php(208): Illuminate\\Http\\Middleware\\HandleCors->handle(Object(Illuminate\\Http\\Request), Object(Closure))
#27 /home/tameem/Desktop/api_tutorial/vendor/laravel/framework/src/Illuminate/Http/Middleware/TrustProxies.php(58): Illuminate\\Pipeline\\Pipeline->{closure:{closure:Illuminate\\Pipeline\\Pipeline::carry():183}:184}(Object(Illuminate\\Http\\Request))
#28 /home/tameem/Desktop/api_tutorial/vendor/laravel/framework/src/Illuminate/Pipeline/Pipeline.php(208): Illuminate\\Http\\Middleware\\TrustProxies->handle(Object(Illuminate\\Http\\Request), Object(Closure))
#29 /home/tameem/Desktop/api_tutorial/vendor/laravel/framework/src/Illuminate/Foundation/Http/Middleware/InvokeDeferredCallbacks.php(22): Illuminate\\Pipeline\\Pipeline->{closure:{closure:Illuminate\\Pipeline\\Pipeline::carry():183}:184}(Object(Illuminate\\Http\\Request))
#30 /home/tameem/Desktop/api_tutorial/vendor/laravel/framework/src/Illuminate/Pipeline/Pipeline.php(208): Illuminate\\Foundation\\Http\\Middleware\\InvokeDeferredCallbacks->handle(Object(Illuminate\\Http\\Request), Object(Closure))
#31 /home/tameem/Desktop/api_tutorial/vendor/laravel/framework/src/Illuminate/Http/Middleware/ValidatePathEncoding.php(26): Illuminate\\Pipeline\\Pipeline->{closure:{closure:Illuminate\\Pipeline\\Pipeline::carry():183}:184}(Object(Illuminate\\Http\\Request))
#32 /home/tameem/Desktop/api_tutorial/vendor/laravel/framework/src/Illuminate/Pipeline/Pipeline.php(208): Illuminate\\Http\\Middleware\\ValidatePathEncoding->handle(Object(Illuminate\\Http\\Request), Object(Closure))
#33 /home/tameem/Desktop/api_tutorial/vendor/laravel/framework/src/Illuminate/Pipeline/Pipeline.php(126): Illuminate\\Pipeline\\Pipeline->{closure:{closure:Illuminate\\Pipeline\\Pipeline::carry():183}:184}(Object(Illuminate\\Http\\Request))
#34 /home/tameem/Desktop/api_tutorial/vendor/laravel/framework/src/Illuminate/Foundation/Http/Kernel.php(175): Illuminate\\Pipeline\\Pipeline->then(Object(Closure))
#35 /home/tameem/Desktop/api_tutorial/vendor/laravel/framework/src/Illuminate/Foundation/Http/Kernel.php(144): Illuminate\\Foundation\\Http\\Kernel->sendRequestThroughRouter(Object(Illuminate\\Http\\Request))
#36 /home/tameem/Desktop/api_tutorial/vendor/laravel/framework/src/Illuminate/Foundation/Application.php(1219): Illuminate\\Foundation\\Http\\Kernel->handle(Object(Illuminate\\Http\\Request))
#37 /home/tameem/Desktop/api_tutorial/public/index.php(20): Illuminate\\Foundation\\Application->handleRequest(Object(Illuminate\\Http\\Request))
#38 /home/tameem/Desktop/api_tutorial/vendor/laravel/framework/src/Illuminate/Foundation/resources/server.php(23): require_once('/home/tameem/De...')
#39 {main}
"} 
[2025-04-29 16:28:08] local.ERROR: Attempt to assign property "status" on null {"exception":"[object] (Error(code: 0): Attempt to assign property \"status\" on null at /home/tameem/Desktop/api_tutorial/app/Http/Controllers/UserController.php:35)
[stacktrace]
#0 /home/tameem/Desktop/api_tutorial/vendor/laravel/framework/src/Illuminate/Routing/ControllerDispatcher.php(46): App\\Http\\Controllers\\UserController->updateUser(Object(Illuminate\\Http\\Request))
#1 /home/tameem/Desktop/api_tutorial/vendor/laravel/framework/src/Illuminate/Routing/Route.php(265): Illuminate\\Routing\\ControllerDispatcher->dispatch(Object(Illuminate\\Routing\\Route), Object(App\\Http\\Controllers\\UserController), 'updateUser')
#2 /home/tameem/Desktop/api_tutorial/vendor/laravel/framework/src/Illuminate/Routing/Route.php(211): Illuminate\\Routing\\Route->runController()
#3 /home/tameem/Desktop/api_tutorial/vendor/laravel/framework/src/Illuminate/Routing/Router.php(808): Illuminate\\Routing\\Route->run()
#4 /home/tameem/Desktop/api_tutorial/vendor/laravel/framework/src/Illuminate/Pipeline/Pipeline.php(169): Illuminate\\Routing\\Router->{closure:Illuminate\\Routing\\Router::runRouteWithinStack():807}(Object(Illuminate\\Http\\Request))
#5 /home/tameem/Desktop/api_tutorial/vendor/laravel/framework/src/Illuminate/Routing/Middleware/SubstituteBindings.php(50): Illuminate\\Pipeline\\Pipeline->{closure:Illuminate\\Pipeline\\Pipeline::prepareDestination():167}(Object(Illuminate\\Http\\Request))
#6 /home/tameem/Desktop/api_tutorial/vendor/laravel/framework/src/Illuminate/Pipeline/Pipeline.php(208): Illuminate\\Routing\\Middleware\\SubstituteBindings->handle(Object(Illuminate\\Http\\Request), Object(Closure))
#7 /home/tameem/Desktop/api_tutorial/vendor/laravel/framework/src/Illuminate/Pipeline/Pipeline.php(126): Illuminate\\Pipeline\\Pipeline->{closure:{closure:Illuminate\\Pipeline\\Pipeline::carry():183}:184}(Object(Illuminate\\Http\\Request))
#8 /home/tameem/Desktop/api_tutorial/vendor/laravel/framework/src/Illuminate/Routing/Router.php(807): Illuminate\\Pipeline\\Pipeline->then(Object(Closure))
#9 /home/tameem/Desktop/api_tutorial/vendor/laravel/framework/src/Illuminate/Routing/Router.php(786): Illuminate\\Routing\\Router->runRouteWithinStack(Object(Illuminate\\Routing\\Route), Object(Illuminate\\Http\\Request))
#10 /home/tameem/Desktop/api_tutorial/vendor/laravel/framework/src/Illuminate/Routing/Router.php(750): Illuminate\\Routing\\Router->runRoute(Object(Illuminate\\Http\\Request), Object(Illuminate\\Routing\\Route))
#11 /home/tameem/Desktop/api_tutorial/vendor/laravel/framework/src/Illuminate/Routing/Router.php(739): Illuminate\\Routing\\Router->dispatchToRoute(Object(Illuminate\\Http\\Request))
#12 /home/tameem/Desktop/api_tutorial/vendor/laravel/framework/src/Illuminate/Foundation/Http/Kernel.php(200): Illuminate\\Routing\\Router->dispatch(Object(Illuminate\\Http\\Request))
#13 /home/tameem/Desktop/api_tutorial/vendor/laravel/framework/src/Illuminate/Pipeline/Pipeline.php(169): Illuminate\\Foundation\\Http\\Kernel->{closure:Illuminate\\Foundation\\Http\\Kernel::dispatchToRouter():197}(Object(Illuminate\\Http\\Request))
#14 /home/tameem/Desktop/api_tutorial/vendor/laravel/framework/src/Illuminate/Foundation/Http/Middleware/TransformsRequest.php(21): Illuminate\\Pipeline\\Pipeline->{closure:Illuminate\\Pipeline\\Pipeline::prepareDestination():167}(Object(Illuminate\\Http\\Request))
#15 /home/tameem/Desktop/api_tutorial/vendor/laravel/framework/src/Illuminate/Foundation/Http/Middleware/ConvertEmptyStringsToNull.php(31): Illuminate\\Foundation\\Http\\Middleware\\TransformsRequest->handle(Object(Illuminate\\Http\\Request), Object(Closure))
#16 /home/tameem/Desktop/api_tutorial/vendor/laravel/framework/src/Illuminate/Pipeline/Pipeline.php(208): Illuminate\\Foundation\\Http\\Middleware\\ConvertEmptyStringsToNull->handle(Object(Illuminate\\Http\\Request), Object(Closure))
#17 /home/tameem/Desktop/api_tutorial/vendor/laravel/framework/src/Illuminate/Foundation/Http/Middleware/TransformsRequest.php(21): Illuminate\\Pipeline\\Pipeline->{closure:{closure:Illuminate\\Pipeline\\Pipeline::carry():183}:184}(Object(Illuminate\\Http\\Request))
#18 /home/tameem/Desktop/api_tutorial/vendor/laravel/framework/src/Illuminate/Foundation/Http/Middleware/TrimStrings.php(51): Illuminate\\Foundation\\Http\\Middleware\\TransformsRequest->handle(Object(Illuminate\\Http\\Request), Object(Closure))
#19 /home/tameem/Desktop/api_tutorial/vendor/laravel/framework/src/Illuminate/Pipeline/Pipeline.php(208): Illuminate\\Foundation\\Http\\Middleware\\TrimStrings->handle(Object(Illuminate\\Http\\Request), Object(Closure))
#20 /home/tameem/Desktop/api_tutorial/vendor/laravel/framework/src/Illuminate/Http/Middleware/ValidatePostSize.php(27): Illuminate\\Pipeline\\Pipeline->{closure:{closure:Illuminate\\Pipeline\\Pipeline::carry():183}:184}(Object(Illuminate\\Http\\Request))
#21 /home/tameem/Desktop/api_tutorial/vendor/laravel/framework/src/Illuminate/Pipeline/Pipeline.php(208): Illuminate\\Http\\Middleware\\ValidatePostSize->handle(Object(Illuminate\\Http\\Request), Object(Closure))
#22 /home/tameem/Desktop/api_tutorial/vendor/laravel/framework/src/Illuminate/Foundation/Http/Middleware/PreventRequestsDuringMaintenance.php(109): Illuminate\\Pipeline\\Pipeline->{closure:{closure:Illuminate\\Pipeline\\Pipeline::carry():183}:184}(Object(Illuminate\\Http\\Request))
#23 /home/tameem/Desktop/api_tutorial/vendor/laravel/framework/src/Illuminate/Pipeline/Pipeline.php(208): Illuminate\\Foundation\\Http\\Middleware\\PreventRequestsDuringMaintenance->handle(Object(Illuminate\\Http\\Request), Object(Closure))
#24 /home/tameem/Desktop/api_tutorial/vendor/laravel/framework/src/Illuminate/Http/Middleware/HandleCors.php(61): Illuminate\\Pipeline\\Pipeline->{closure:{closure:Illuminate\\Pipeline\\Pipeline::carry():183}:184}(Object(Illuminate\\Http\\Request))
#25 /home/tameem/Desktop/api_tutorial/vendor/laravel/framework/src/Illuminate/Pipeline/Pipeline.php(208): Illuminate\\Http\\Middleware\\HandleCors->handle(Object(Illuminate\\Http\\Request), Object(Closure))
#26 /home/tameem/Desktop/api_tutorial/vendor/laravel/framework/src/Illuminate/Http/Middleware/TrustProxies.php(58): Illuminate\\Pipeline\\Pipeline->{closure:{closure:Illuminate\\Pipeline\\Pipeline::carry():183}:184}(Object(Illuminate\\Http\\Request))
#27 /home/tameem/Desktop/api_tutorial/vendor/laravel/framework/src/Illuminate/Pipeline/Pipeline.php(208): Illuminate\\Http\\Middleware\\TrustProxies->handle(Object(Illuminate\\Http\\Request), Object(Closure))
#28 /home/tameem/Desktop/api_tutorial/vendor/laravel/framework/src/Illuminate/Foundation/Http/Middleware/InvokeDeferredCallbacks.php(22): Illuminate\\Pipeline\\Pipeline->{closure:{closure:Illuminate\\Pipeline\\Pipeline::carry():183}:184}(Object(Illuminate\\Http\\Request))
#29 /home/tameem/Desktop/api_tutorial/vendor/laravel/framework/src/Illuminate/Pipeline/Pipeline.php(208): Illuminate\\Foundation\\Http\\Middleware\\InvokeDeferredCallbacks->handle(Object(Illuminate\\Http\\Request), Object(Closure))
#30 /home/tameem/Desktop/api_tutorial/vendor/laravel/framework/src/Illuminate/Http/Middleware/ValidatePathEncoding.php(26): Illuminate\\Pipeline\\Pipeline->{closure:{closure:Illuminate\\Pipeline\\Pipeline::carry():183}:184}(Object(Illuminate\\Http\\Request))
#31 /home/tameem/Desktop/api_tutorial/vendor/laravel/framework/src/Illuminate/Pipeline/Pipeline.php(208): Illuminate\\Http\\Middleware\\ValidatePathEncoding->handle(Object(Illuminate\\Http\\Request), Object(Closure))
#32 /home/tameem/Desktop/api_tutorial/vendor/laravel/framework/src/Illuminate/Pipeline/Pipeline.php(126): Illuminate\\Pipeline\\Pipeline->{closure:{closure:Illuminate\\Pipeline\\Pipeline::carry():183}:184}(Object(Illuminate\\Http\\Request))
#33 /home/tameem/Desktop/api_tutorial/vendor/laravel/framework/src/Illuminate/Foundation/Http/Kernel.php(175): Illuminate\\Pipeline\\Pipeline->then(Object(Closure))
#34 /home/tameem/Desktop/api_tutorial/vendor/laravel/framework/src/Illuminate/Foundation/Http/Kernel.php(144): Illuminate\\Foundation\\Http\\Kernel->sendRequestThroughRouter(Object(Illuminate\\Http\\Request))
#35 /home/tameem/Desktop/api_tutorial/vendor/laravel/framework/src/Illuminate/Foundation/Application.php(1219): Illuminate\\Foundation\\Http\\Kernel->handle(Object(Illuminate\\Http\\Request))
#36 /home/tameem/Desktop/api_tutorial/public/index.php(20): Illuminate\\Foundation\\Application->handleRequest(Object(Illuminate\\Http\\Request))
#37 /home/tameem/Desktop/api_tutorial/vendor/laravel/framework/src/Illuminate/Foundation/resources/server.php(23): require_once('/home/tameem/De...')
#38 {main}
"} 
[2025-04-29 16:29:24] local.ERROR: Attempt to assign property "status" on null {"exception":"[object] (Error(code: 0): Attempt to assign property \"status\" on null at /home/tameem/Desktop/api_tutorial/app/Http/Controllers/UserController.php:35)
[stacktrace]
#0 /home/tameem/Desktop/api_tutorial/vendor/laravel/framework/src/Illuminate/Routing/ControllerDispatcher.php(46): App\\Http\\Controllers\\UserController->updateUser(Object(Illuminate\\Http\\Request))
#1 /home/tameem/Desktop/api_tutorial/vendor/laravel/framework/src/Illuminate/Routing/Route.php(265): Illuminate\\Routing\\ControllerDispatcher->dispatch(Object(Illuminate\\Routing\\Route), Object(App\\Http\\Controllers\\UserController), 'updateUser')
#2 /home/tameem/Desktop/api_tutorial/vendor/laravel/framework/src/Illuminate/Routing/Route.php(211): Illuminate\\Routing\\Route->runController()
#3 /home/tameem/Desktop/api_tutorial/vendor/laravel/framework/src/Illuminate/Routing/Router.php(808): Illuminate\\Routing\\Route->run()
#4 /home/tameem/Desktop/api_tutorial/vendor/laravel/framework/src/Illuminate/Pipeline/Pipeline.php(169): Illuminate\\Routing\\Router->{closure:Illuminate\\Routing\\Router::runRouteWithinStack():807}(Object(Illuminate\\Http\\Request))
#5 /home/tameem/Desktop/api_tutorial/vendor/laravel/framework/src/Illuminate/Routing/Middleware/SubstituteBindings.php(50): Illuminate\\Pipeline\\Pipeline->{closure:Illuminate\\Pipeline\\Pipeline::prepareDestination():167}(Object(Illuminate\\Http\\Request))
#6 /home/tameem/Desktop/api_tutorial/vendor/laravel/framework/src/Illuminate/Pipeline/Pipeline.php(208): Illuminate\\Routing\\Middleware\\SubstituteBindings->handle(Object(Illuminate\\Http\\Request), Object(Closure))
#7 /home/tameem/Desktop/api_tutorial/vendor/laravel/framework/src/Illuminate/Pipeline/Pipeline.php(126): Illuminate\\Pipeline\\Pipeline->{closure:{closure:Illuminate\\Pipeline\\Pipeline::carry():183}:184}(Object(Illuminate\\Http\\Request))
#8 /home/tameem/Desktop/api_tutorial/vendor/laravel/framework/src/Illuminate/Routing/Router.php(807): Illuminate\\Pipeline\\Pipeline->then(Object(Closure))
#9 /home/tameem/Desktop/api_tutorial/vendor/laravel/framework/src/Illuminate/Routing/Router.php(786): Illuminate\\Routing\\Router->runRouteWithinStack(Object(Illuminate\\Routing\\Route), Object(Illuminate\\Http\\Request))
#10 /home/tameem/Desktop/api_tutorial/vendor/laravel/framework/src/Illuminate/Routing/Router.php(750): Illuminate\\Routing\\Router->runRoute(Object(Illuminate\\Http\\Request), Object(Illuminate\\Routing\\Route))
#11 /home/tameem/Desktop/api_tutorial/vendor/laravel/framework/src/Illuminate/Routing/Router.php(739): Illuminate\\Routing\\Router->dispatchToRoute(Object(Illuminate\\Http\\Request))
#12 /home/tameem/Desktop/api_tutorial/vendor/laravel/framework/src/Illuminate/Foundation/Http/Kernel.php(200): Illuminate\\Routing\\Router->dispatch(Object(Illuminate\\Http\\Request))
#13 /home/tameem/Desktop/api_tutorial/vendor/laravel/framework/src/Illuminate/Pipeline/Pipeline.php(169): Illuminate\\Foundation\\Http\\Kernel->{closure:Illuminate\\Foundation\\Http\\Kernel::dispatchToRouter():197}(Object(Illuminate\\Http\\Request))
#14 /home/tameem/Desktop/api_tutorial/vendor/laravel/framework/src/Illuminate/Foundation/Http/Middleware/TransformsRequest.php(21): Illuminate\\Pipeline\\Pipeline->{closure:Illuminate\\Pipeline\\Pipeline::prepareDestination():167}(Object(Illuminate\\Http\\Request))
#15 /home/tameem/Desktop/api_tutorial/vendor/laravel/framework/src/Illuminate/Foundation/Http/Middleware/ConvertEmptyStringsToNull.php(31): Illuminate\\Foundation\\Http\\Middleware\\TransformsRequest->handle(Object(Illuminate\\Http\\Request), Object(Closure))
#16 /home/tameem/Desktop/api_tutorial/vendor/laravel/framework/src/Illuminate/Pipeline/Pipeline.php(208): Illuminate\\Foundation\\Http\\Middleware\\ConvertEmptyStringsToNull->handle(Object(Illuminate\\Http\\Request), Object(Closure))
#17 /home/tameem/Desktop/api_tutorial/vendor/laravel/framework/src/Illuminate/Foundation/Http/Middleware/TransformsRequest.php(21): Illuminate\\Pipeline\\Pipeline->{closure:{closure:Illuminate\\Pipeline\\Pipeline::carry():183}:184}(Object(Illuminate\\Http\\Request))
#18 /home/tameem/Desktop/api_tutorial/vendor/laravel/framework/src/Illuminate/Foundation/Http/Middleware/TrimStrings.php(51): Illuminate\\Foundation\\Http\\Middleware\\TransformsRequest->handle(Object(Illuminate\\Http\\Request), Object(Closure))
#19 /home/tameem/Desktop/api_tutorial/vendor/laravel/framework/src/Illuminate/Pipeline/Pipeline.php(208): Illuminate\\Foundation\\Http\\Middleware\\TrimStrings->handle(Object(Illuminate\\Http\\Request), Object(Closure))
#20 /home/tameem/Desktop/api_tutorial/vendor/laravel/framework/src/Illuminate/Http/Middleware/ValidatePostSize.php(27): Illuminate\\Pipeline\\Pipeline->{closure:{closure:Illuminate\\Pipeline\\Pipeline::carry():183}:184}(Object(Illuminate\\Http\\Request))
#21 /home/tameem/Desktop/api_tutorial/vendor/laravel/framework/src/Illuminate/Pipeline/Pipeline.php(208): Illuminate\\Http\\Middleware\\ValidatePostSize->handle(Object(Illuminate\\Http\\Request), Object(Closure))
#22 /home/tameem/Desktop/api_tutorial/vendor/laravel/framework/src/Illuminate/Foundation/Http/Middleware/PreventRequestsDuringMaintenance.php(109): Illuminate\\Pipeline\\Pipeline->{closure:{closure:Illuminate\\Pipeline\\Pipeline::carry():183}:184}(Object(Illuminate\\Http\\Request))
#23 /home/tameem/Desktop/api_tutorial/vendor/laravel/framework/src/Illuminate/Pipeline/Pipeline.php(208): Illuminate\\Foundation\\Http\\Middleware\\PreventRequestsDuringMaintenance->handle(Object(Illuminate\\Http\\Request), Object(Closure))
#24 /home/tameem/Desktop/api_tutorial/vendor/laravel/framework/src/Illuminate/Http/Middleware/HandleCors.php(61): Illuminate\\Pipeline\\Pipeline->{closure:{closure:Illuminate\\Pipeline\\Pipeline::carry():183}:184}(Object(Illuminate\\Http\\Request))
#25 /home/tameem/Desktop/api_tutorial/vendor/laravel/framework/src/Illuminate/Pipeline/Pipeline.php(208): Illuminate\\Http\\Middleware\\HandleCors->handle(Object(Illuminate\\Http\\Request), Object(Closure))
#26 /home/tameem/Desktop/api_tutorial/vendor/laravel/framework/src/Illuminate/Http/Middleware/TrustProxies.php(58): Illuminate\\Pipeline\\Pipeline->{closure:{closure:Illuminate\\Pipeline\\Pipeline::carry():183}:184}(Object(Illuminate\\Http\\Request))
#27 /home/tameem/Desktop/api_tutorial/vendor/laravel/framework/src/Illuminate/Pipeline/Pipeline.php(208): Illuminate\\Http\\Middleware\\TrustProxies->handle(Object(Illuminate\\Http\\Request), Object(Closure))
#28 /home/tameem/Desktop/api_tutorial/vendor/laravel/framework/src/Illuminate/Foundation/Http/Middleware/InvokeDeferredCallbacks.php(22): Illuminate\\Pipeline\\Pipeline->{closure:{closure:Illuminate\\Pipeline\\Pipeline::carry():183}:184}(Object(Illuminate\\Http\\Request))
#29 /home/tameem/Desktop/api_tutorial/vendor/laravel/framework/src/Illuminate/Pipeline/Pipeline.php(208): Illuminate\\Foundation\\Http\\Middleware\\InvokeDeferredCallbacks->handle(Object(Illuminate\\Http\\Request), Object(Closure))
#30 /home/tameem/Desktop/api_tutorial/vendor/laravel/framework/src/Illuminate/Http/Middleware/ValidatePathEncoding.php(26): Illuminate\\Pipeline\\Pipeline->{closure:{closure:Illuminate\\Pipeline\\Pipeline::carry():183}:184}(Object(Illuminate\\Http\\Request))
#31 /home/tameem/Desktop/api_tutorial/vendor/laravel/framework/src/Illuminate/Pipeline/Pipeline.php(208): Illuminate\\Http\\Middleware\\ValidatePathEncoding->handle(Object(Illuminate\\Http\\Request), Object(Closure))
#32 /home/tameem/Desktop/api_tutorial/vendor/laravel/framework/src/Illuminate/Pipeline/Pipeline.php(126): Illuminate\\Pipeline\\Pipeline->{closure:{closure:Illuminate\\Pipeline\\Pipeline::carry():183}:184}(Object(Illuminate\\Http\\Request))
#33 /home/tameem/Desktop/api_tutorial/vendor/laravel/framework/src/Illuminate/Foundation/Http/Kernel.php(175): Illuminate\\Pipeline\\Pipeline->then(Object(Closure))
#34 /home/tameem/Desktop/api_tutorial/vendor/laravel/framework/src/Illuminate/Foundation/Http/Kernel.php(144): Illuminate\\Foundation\\Http\\Kernel->sendRequestThroughRouter(Object(Illuminate\\Http\\Request))
#35 /home/tameem/Desktop/api_tutorial/vendor/laravel/framework/src/Illuminate/Foundation/Application.php(1219): Illuminate\\Foundation\\Http\\Kernel->handle(Object(Illuminate\\Http\\Request))
#36 /home/tameem/Desktop/api_tutorial/public/index.php(20): Illuminate\\Foundation\\Application->handleRequest(Object(Illuminate\\Http\\Request))
#37 /home/tameem/Desktop/api_tutorial/vendor/laravel/framework/src/Illuminate/Foundation/resources/server.php(23): require_once('/home/tameem/De...')
#38 {main}
"} 
[2025-04-29 16:31:19] local.ERROR: Attempt to assign property "status" on null {"exception":"[object] (Error(code: 0): Attempt to assign property \"status\" on null at /home/tameem/Desktop/api_tutorial/app/Http/Controllers/UserController.php:36)
[stacktrace]
#0 /home/tameem/Desktop/api_tutorial/vendor/laravel/framework/src/Illuminate/Routing/ControllerDispatcher.php(46): App\\Http\\Controllers\\UserController->updateUser(Object(Illuminate\\Http\\Request))
#1 /home/tameem/Desktop/api_tutorial/vendor/laravel/framework/src/Illuminate/Routing/Route.php(265): Illuminate\\Routing\\ControllerDispatcher->dispatch(Object(Illuminate\\Routing\\Route), Object(App\\Http\\Controllers\\UserController), 'updateUser')
#2 /home/tameem/Desktop/api_tutorial/vendor/laravel/framework/src/Illuminate/Routing/Route.php(211): Illuminate\\Routing\\Route->runController()
#3 /home/tameem/Desktop/api_tutorial/vendor/laravel/framework/src/Illuminate/Routing/Router.php(808): Illuminate\\Routing\\Route->run()
#4 /home/tameem/Desktop/api_tutorial/vendor/laravel/framework/src/Illuminate/Pipeline/Pipeline.php(169): Illuminate\\Routing\\Router->{closure:Illuminate\\Routing\\Router::runRouteWithinStack():807}(Object(Illuminate\\Http\\Request))
#5 /home/tameem/Desktop/api_tutorial/vendor/laravel/framework/src/Illuminate/Routing/Middleware/SubstituteBindings.php(50): Illuminate\\Pipeline\\Pipeline->{closure:Illuminate\\Pipeline\\Pipeline::prepareDestination():167}(Object(Illuminate\\Http\\Request))
#6 /home/tameem/Desktop/api_tutorial/vendor/laravel/framework/src/Illuminate/Pipeline/Pipeline.php(208): Illuminate\\Routing\\Middleware\\SubstituteBindings->handle(Object(Illuminate\\Http\\Request), Object(Closure))
#7 /home/tameem/Desktop/api_tutorial/vendor/laravel/framework/src/Illuminate/Pipeline/Pipeline.php(126): Illuminate\\Pipeline\\Pipeline->{closure:{closure:Illuminate\\Pipeline\\Pipeline::carry():183}:184}(Object(Illuminate\\Http\\Request))
#8 /home/tameem/Desktop/api_tutorial/vendor/laravel/framework/src/Illuminate/Routing/Router.php(807): Illuminate\\Pipeline\\Pipeline->then(Object(Closure))
#9 /home/tameem/Desktop/api_tutorial/vendor/laravel/framework/src/Illuminate/Routing/Router.php(786): Illuminate\\Routing\\Router->runRouteWithinStack(Object(Illuminate\\Routing\\Route), Object(Illuminate\\Http\\Request))
#10 /home/tameem/Desktop/api_tutorial/vendor/laravel/framework/src/Illuminate/Routing/Router.php(750): Illuminate\\Routing\\Router->runRoute(Object(Illuminate\\Http\\Request), Object(Illuminate\\Routing\\Route))
#11 /home/tameem/Desktop/api_tutorial/vendor/laravel/framework/src/Illuminate/Routing/Router.php(739): Illuminate\\Routing\\Router->dispatchToRoute(Object(Illuminate\\Http\\Request))
#12 /home/tameem/Desktop/api_tutorial/vendor/laravel/framework/src/Illuminate/Foundation/Http/Kernel.php(200): Illuminate\\Routing\\Router->dispatch(Object(Illuminate\\Http\\Request))
#13 /home/tameem/Desktop/api_tutorial/vendor/laravel/framework/src/Illuminate/Pipeline/Pipeline.php(169): Illuminate\\Foundation\\Http\\Kernel->{closure:Illuminate\\Foundation\\Http\\Kernel::dispatchToRouter():197}(Object(Illuminate\\Http\\Request))
#14 /home/tameem/Desktop/api_tutorial/vendor/laravel/framework/src/Illuminate/Foundation/Http/Middleware/TransformsRequest.php(21): Illuminate\\Pipeline\\Pipeline->{closure:Illuminate\\Pipeline\\Pipeline::prepareDestination():167}(Object(Illuminate\\Http\\Request))
#15 /home/tameem/Desktop/api_tutorial/vendor/laravel/framework/src/Illuminate/Foundation/Http/Middleware/ConvertEmptyStringsToNull.php(31): Illuminate\\Foundation\\Http\\Middleware\\TransformsRequest->handle(Object(Illuminate\\Http\\Request), Object(Closure))
#16 /home/tameem/Desktop/api_tutorial/vendor/laravel/framework/src/Illuminate/Pipeline/Pipeline.php(208): Illuminate\\Foundation\\Http\\Middleware\\ConvertEmptyStringsToNull->handle(Object(Illuminate\\Http\\Request), Object(Closure))
#17 /home/tameem/Desktop/api_tutorial/vendor/laravel/framework/src/Illuminate/Foundation/Http/Middleware/TransformsRequest.php(21): Illuminate\\Pipeline\\Pipeline->{closure:{closure:Illuminate\\Pipeline\\Pipeline::carry():183}:184}(Object(Illuminate\\Http\\Request))
#18 /home/tameem/Desktop/api_tutorial/vendor/laravel/framework/src/Illuminate/Foundation/Http/Middleware/TrimStrings.php(51): Illuminate\\Foundation\\Http\\Middleware\\TransformsRequest->handle(Object(Illuminate\\Http\\Request), Object(Closure))
#19 /home/tameem/Desktop/api_tutorial/vendor/laravel/framework/src/Illuminate/Pipeline/Pipeline.php(208): Illuminate\\Foundation\\Http\\Middleware\\TrimStrings->handle(Object(Illuminate\\Http\\Request), Object(Closure))
#20 /home/tameem/Desktop/api_tutorial/vendor/laravel/framework/src/Illuminate/Http/Middleware/ValidatePostSize.php(27): Illuminate\\Pipeline\\Pipeline->{closure:{closure:Illuminate\\Pipeline\\Pipeline::carry():183}:184}(Object(Illuminate\\Http\\Request))
#21 /home/tameem/Desktop/api_tutorial/vendor/laravel/framework/src/Illuminate/Pipeline/Pipeline.php(208): Illuminate\\Http\\Middleware\\ValidatePostSize->handle(Object(Illuminate\\Http\\Request), Object(Closure))
#22 /home/tameem/Desktop/api_tutorial/vendor/laravel/framework/src/Illuminate/Foundation/Http/Middleware/PreventRequestsDuringMaintenance.php(109): Illuminate\\Pipeline\\Pipeline->{closure:{closure:Illuminate\\Pipeline\\Pipeline::carry():183}:184}(Object(Illuminate\\Http\\Request))
#23 /home/tameem/Desktop/api_tutorial/vendor/laravel/framework/src/Illuminate/Pipeline/Pipeline.php(208): Illuminate\\Foundation\\Http\\Middleware\\PreventRequestsDuringMaintenance->handle(Object(Illuminate\\Http\\Request), Object(Closure))
#24 /home/tameem/Desktop/api_tutorial/vendor/laravel/framework/src/Illuminate/Http/Middleware/HandleCors.php(61): Illuminate\\Pipeline\\Pipeline->{closure:{closure:Illuminate\\Pipeline\\Pipeline::carry():183}:184}(Object(Illuminate\\Http\\Request))
#25 /home/tameem/Desktop/api_tutorial/vendor/laravel/framework/src/Illuminate/Pipeline/Pipeline.php(208): Illuminate\\Http\\Middleware\\HandleCors->handle(Object(Illuminate\\Http\\Request), Object(Closure))
#26 /home/tameem/Desktop/api_tutorial/vendor/laravel/framework/src/Illuminate/Http/Middleware/TrustProxies.php(58): Illuminate\\Pipeline\\Pipeline->{closure:{closure:Illuminate\\Pipeline\\Pipeline::carry():183}:184}(Object(Illuminate\\Http\\Request))
#27 /home/tameem/Desktop/api_tutorial/vendor/laravel/framework/src/Illuminate/Pipeline/Pipeline.php(208): Illuminate\\Http\\Middleware\\TrustProxies->handle(Object(Illuminate\\Http\\Request), Object(Closure))
#28 /home/tameem/Desktop/api_tutorial/vendor/laravel/framework/src/Illuminate/Foundation/Http/Middleware/InvokeDeferredCallbacks.php(22): Illuminate\\Pipeline\\Pipeline->{closure:{closure:Illuminate\\Pipeline\\Pipeline::carry():183}:184}(Object(Illuminate\\Http\\Request))
#29 /home/tameem/Desktop/api_tutorial/vendor/laravel/framework/src/Illuminate/Pipeline/Pipeline.php(208): Illuminate\\Foundation\\Http\\Middleware\\InvokeDeferredCallbacks->handle(Object(Illuminate\\Http\\Request), Object(Closure))
#30 /home/tameem/Desktop/api_tutorial/vendor/laravel/framework/src/Illuminate/Http/Middleware/ValidatePathEncoding.php(26): Illuminate\\Pipeline\\Pipeline->{closure:{closure:Illuminate\\Pipeline\\Pipeline::carry():183}:184}(Object(Illuminate\\Http\\Request))
#31 /home/tameem/Desktop/api_tutorial/vendor/laravel/framework/src/Illuminate/Pipeline/Pipeline.php(208): Illuminate\\Http\\Middleware\\ValidatePathEncoding->handle(Object(Illuminate\\Http\\Request), Object(Closure))
#32 /home/tameem/Desktop/api_tutorial/vendor/laravel/framework/src/Illuminate/Pipeline/Pipeline.php(126): Illuminate\\Pipeline\\Pipeline->{closure:{closure:Illuminate\\Pipeline\\Pipeline::carry():183}:184}(Object(Illuminate\\Http\\Request))
#33 /home/tameem/Desktop/api_tutorial/vendor/laravel/framework/src/Illuminate/Foundation/Http/Kernel.php(175): Illuminate\\Pipeline\\Pipeline->then(Object(Closure))
#34 /home/tameem/Desktop/api_tutorial/vendor/laravel/framework/src/Illuminate/Foundation/Http/Kernel.php(144): Illuminate\\Foundation\\Http\\Kernel->sendRequestThroughRouter(Object(Illuminate\\Http\\Request))
#35 /home/tameem/Desktop/api_tutorial/vendor/laravel/framework/src/Illuminate/Foundation/Application.php(1219): Illuminate\\Foundation\\Http\\Kernel->handle(Object(Illuminate\\Http\\Request))
#36 /home/tameem/Desktop/api_tutorial/public/index.php(20): Illuminate\\Foundation\\Application->handleRequest(Object(Illuminate\\Http\\Request))
#37 /home/tameem/Desktop/api_tutorial/vendor/laravel/framework/src/Illuminate/Foundation/resources/server.php(23): require_once('/home/tameem/De...')
#38 {main}
"} 
[2025-04-29 16:33:10] local.ERROR: Attempt to assign property "status" on null {"exception":"[object] (Error(code: 0): Attempt to assign property \"status\" on null at /home/tameem/Desktop/api_tutorial/app/Http/Controllers/UserController.php:36)
[stacktrace]
#0 /home/tameem/Desktop/api_tutorial/vendor/laravel/framework/src/Illuminate/Routing/ControllerDispatcher.php(46): App\\Http\\Controllers\\UserController->updateUser(Object(Illuminate\\Http\\Request))
#1 /home/tameem/Desktop/api_tutorial/vendor/laravel/framework/src/Illuminate/Routing/Route.php(265): Illuminate\\Routing\\ControllerDispatcher->dispatch(Object(Illuminate\\Routing\\Route), Object(App\\Http\\Controllers\\UserController), 'updateUser')
#2 /home/tameem/Desktop/api_tutorial/vendor/laravel/framework/src/Illuminate/Routing/Route.php(211): Illuminate\\Routing\\Route->runController()
#3 /home/tameem/Desktop/api_tutorial/vendor/laravel/framework/src/Illuminate/Routing/Router.php(808): Illuminate\\Routing\\Route->run()
#4 /home/tameem/Desktop/api_tutorial/vendor/laravel/framework/src/Illuminate/Pipeline/Pipeline.php(169): Illuminate\\Routing\\Router->{closure:Illuminate\\Routing\\Router::runRouteWithinStack():807}(Object(Illuminate\\Http\\Request))
#5 /home/tameem/Desktop/api_tutorial/vendor/laravel/framework/src/Illuminate/Routing/Middleware/SubstituteBindings.php(50): Illuminate\\Pipeline\\Pipeline->{closure:Illuminate\\Pipeline\\Pipeline::prepareDestination():167}(Object(Illuminate\\Http\\Request))
#6 /home/tameem/Desktop/api_tutorial/vendor/laravel/framework/src/Illuminate/Pipeline/Pipeline.php(208): Illuminate\\Routing\\Middleware\\SubstituteBindings->handle(Object(Illuminate\\Http\\Request), Object(Closure))
#7 /home/tameem/Desktop/api_tutorial/vendor/laravel/framework/src/Illuminate/Pipeline/Pipeline.php(126): Illuminate\\Pipeline\\Pipeline->{closure:{closure:Illuminate\\Pipeline\\Pipeline::carry():183}:184}(Object(Illuminate\\Http\\Request))
#8 /home/tameem/Desktop/api_tutorial/vendor/laravel/framework/src/Illuminate/Routing/Router.php(807): Illuminate\\Pipeline\\Pipeline->then(Object(Closure))
#9 /home/tameem/Desktop/api_tutorial/vendor/laravel/framework/src/Illuminate/Routing/Router.php(786): Illuminate\\Routing\\Router->runRouteWithinStack(Object(Illuminate\\Routing\\Route), Object(Illuminate\\Http\\Request))
#10 /home/tameem/Desktop/api_tutorial/vendor/laravel/framework/src/Illuminate/Routing/Router.php(750): Illuminate\\Routing\\Router->runRoute(Object(Illuminate\\Http\\Request), Object(Illuminate\\Routing\\Route))
#11 /home/tameem/Desktop/api_tutorial/vendor/laravel/framework/src/Illuminate/Routing/Router.php(739): Illuminate\\Routing\\Router->dispatchToRoute(Object(Illuminate\\Http\\Request))
#12 /home/tameem/Desktop/api_tutorial/vendor/laravel/framework/src/Illuminate/Foundation/Http/Kernel.php(200): Illuminate\\Routing\\Router->dispatch(Object(Illuminate\\Http\\Request))
#13 /home/tameem/Desktop/api_tutorial/vendor/laravel/framework/src/Illuminate/Pipeline/Pipeline.php(169): Illuminate\\Foundation\\Http\\Kernel->{closure:Illuminate\\Foundation\\Http\\Kernel::dispatchToRouter():197}(Object(Illuminate\\Http\\Request))
#14 /home/tameem/Desktop/api_tutorial/vendor/laravel/framework/src/Illuminate/Foundation/Http/Middleware/TransformsRequest.php(21): Illuminate\\Pipeline\\Pipeline->{closure:Illuminate\\Pipeline\\Pipeline::prepareDestination():167}(Object(Illuminate\\Http\\Request))
#15 /home/tameem/Desktop/api_tutorial/vendor/laravel/framework/src/Illuminate/Foundation/Http/Middleware/ConvertEmptyStringsToNull.php(31): Illuminate\\Foundation\\Http\\Middleware\\TransformsRequest->handle(Object(Illuminate\\Http\\Request), Object(Closure))
#16 /home/tameem/Desktop/api_tutorial/vendor/laravel/framework/src/Illuminate/Pipeline/Pipeline.php(208): Illuminate\\Foundation\\Http\\Middleware\\ConvertEmptyStringsToNull->handle(Object(Illuminate\\Http\\Request), Object(Closure))
#17 /home/tameem/Desktop/api_tutorial/vendor/laravel/framework/src/Illuminate/Foundation/Http/Middleware/TransformsRequest.php(21): Illuminate\\Pipeline\\Pipeline->{closure:{closure:Illuminate\\Pipeline\\Pipeline::carry():183}:184}(Object(Illuminate\\Http\\Request))
#18 /home/tameem/Desktop/api_tutorial/vendor/laravel/framework/src/Illuminate/Foundation/Http/Middleware/TrimStrings.php(51): Illuminate\\Foundation\\Http\\Middleware\\TransformsRequest->handle(Object(Illuminate\\Http\\Request), Object(Closure))
#19 /home/tameem/Desktop/api_tutorial/vendor/laravel/framework/src/Illuminate/Pipeline/Pipeline.php(208): Illuminate\\Foundation\\Http\\Middleware\\TrimStrings->handle(Object(Illuminate\\Http\\Request), Object(Closure))
#20 /home/tameem/Desktop/api_tutorial/vendor/laravel/framework/src/Illuminate/Http/Middleware/ValidatePostSize.php(27): Illuminate\\Pipeline\\Pipeline->{closure:{closure:Illuminate\\Pipeline\\Pipeline::carry():183}:184}(Object(Illuminate\\Http\\Request))
#21 /home/tameem/Desktop/api_tutorial/vendor/laravel/framework/src/Illuminate/Pipeline/Pipeline.php(208): Illuminate\\Http\\Middleware\\ValidatePostSize->handle(Object(Illuminate\\Http\\Request), Object(Closure))
#22 /home/tameem/Desktop/api_tutorial/vendor/laravel/framework/src/Illuminate/Foundation/Http/Middleware/PreventRequestsDuringMaintenance.php(109): Illuminate\\Pipeline\\Pipeline->{closure:{closure:Illuminate\\Pipeline\\Pipeline::carry():183}:184}(Object(Illuminate\\Http\\Request))
#23 /home/tameem/Desktop/api_tutorial/vendor/laravel/framework/src/Illuminate/Pipeline/Pipeline.php(208): Illuminate\\Foundation\\Http\\Middleware\\PreventRequestsDuringMaintenance->handle(Object(Illuminate\\Http\\Request), Object(Closure))
#24 /home/tameem/Desktop/api_tutorial/vendor/laravel/framework/src/Illuminate/Http/Middleware/HandleCors.php(61): Illuminate\\Pipeline\\Pipeline->{closure:{closure:Illuminate\\Pipeline\\Pipeline::carry():183}:184}(Object(Illuminate\\Http\\Request))
#25 /home/tameem/Desktop/api_tutorial/vendor/laravel/framework/src/Illuminate/Pipeline/Pipeline.php(208): Illuminate\\Http\\Middleware\\HandleCors->handle(Object(Illuminate\\Http\\Request), Object(Closure))
#26 /home/tameem/Desktop/api_tutorial/vendor/laravel/framework/src/Illuminate/Http/Middleware/TrustProxies.php(58): Illuminate\\Pipeline\\Pipeline->{closure:{closure:Illuminate\\Pipeline\\Pipeline::carry():183}:184}(Object(Illuminate\\Http\\Request))
#27 /home/tameem/Desktop/api_tutorial/vendor/laravel/framework/src/Illuminate/Pipeline/Pipeline.php(208): Illuminate\\Http\\Middleware\\TrustProxies->handle(Object(Illuminate\\Http\\Request), Object(Closure))
#28 /home/tameem/Desktop/api_tutorial/vendor/laravel/framework/src/Illuminate/Foundation/Http/Middleware/InvokeDeferredCallbacks.php(22): Illuminate\\Pipeline\\Pipeline->{closure:{closure:Illuminate\\Pipeline\\Pipeline::carry():183}:184}(Object(Illuminate\\Http\\Request))
#29 /home/tameem/Desktop/api_tutorial/vendor/laravel/framework/src/Illuminate/Pipeline/Pipeline.php(208): Illuminate\\Foundation\\Http\\Middleware\\InvokeDeferredCallbacks->handle(Object(Illuminate\\Http\\Request), Object(Closure))
#30 /home/tameem/Desktop/api_tutorial/vendor/laravel/framework/src/Illuminate/Http/Middleware/ValidatePathEncoding.php(26): Illuminate\\Pipeline\\Pipeline->{closure:{closure:Illuminate\\Pipeline\\Pipeline::carry():183}:184}(Object(Illuminate\\Http\\Request))
#31 /home/tameem/Desktop/api_tutorial/vendor/laravel/framework/src/Illuminate/Pipeline/Pipeline.php(208): Illuminate\\Http\\Middleware\\ValidatePathEncoding->handle(Object(Illuminate\\Http\\Request), Object(Closure))
#32 /home/tameem/Desktop/api_tutorial/vendor/laravel/framework/src/Illuminate/Pipeline/Pipeline.php(126): Illuminate\\Pipeline\\Pipeline->{closure:{closure:Illuminate\\Pipeline\\Pipeline::carry():183}:184}(Object(Illuminate\\Http\\Request))
#33 /home/tameem/Desktop/api_tutorial/vendor/laravel/framework/src/Illuminate/Foundation/Http/Kernel.php(175): Illuminate\\Pipeline\\Pipeline->then(Object(Closure))
#34 /home/tameem/Desktop/api_tutorial/vendor/laravel/framework/src/Illuminate/Foundation/Http/Kernel.php(144): Illuminate\\Foundation\\Http\\Kernel->sendRequestThroughRouter(Object(Illuminate\\Http\\Request))
#35 /home/tameem/Desktop/api_tutorial/vendor/laravel/framework/src/Illuminate/Foundation/Application.php(1219): Illuminate\\Foundation\\Http\\Kernel->handle(Object(Illuminate\\Http\\Request))
#36 /home/tameem/Desktop/api_tutorial/public/index.php(20): Illuminate\\Foundation\\Application->handleRequest(Object(Illuminate\\Http\\Request))
#37 /home/tameem/Desktop/api_tutorial/vendor/laravel/framework/src/Illuminate/Foundation/resources/server.php(23): require_once('/home/tameem/De...')
#38 {main}
"} 
[2025-04-29 16:33:11] local.ERROR: Attempt to assign property "status" on null {"exception":"[object] (Error(code: 0): Attempt to assign property \"status\" on null at /home/tameem/Desktop/api_tutorial/app/Http/Controllers/UserController.php:36)
[stacktrace]
#0 /home/tameem/Desktop/api_tutorial/vendor/laravel/framework/src/Illuminate/Routing/ControllerDispatcher.php(46): App\\Http\\Controllers\\UserController->updateUser(Object(Illuminate\\Http\\Request))
#1 /home/tameem/Desktop/api_tutorial/vendor/laravel/framework/src/Illuminate/Routing/Route.php(265): Illuminate\\Routing\\ControllerDispatcher->dispatch(Object(Illuminate\\Routing\\Route), Object(App\\Http\\Controllers\\UserController), 'updateUser')
#2 /home/tameem/Desktop/api_tutorial/vendor/laravel/framework/src/Illuminate/Routing/Route.php(211): Illuminate\\Routing\\Route->runController()
#3 /home/tameem/Desktop/api_tutorial/vendor/laravel/framework/src/Illuminate/Routing/Router.php(808): Illuminate\\Routing\\Route->run()
#4 /home/tameem/Desktop/api_tutorial/vendor/laravel/framework/src/Illuminate/Pipeline/Pipeline.php(169): Illuminate\\Routing\\Router->{closure:Illuminate\\Routing\\Router::runRouteWithinStack():807}(Object(Illuminate\\Http\\Request))
#5 /home/tameem/Desktop/api_tutorial/vendor/laravel/framework/src/Illuminate/Routing/Middleware/SubstituteBindings.php(50): Illuminate\\Pipeline\\Pipeline->{closure:Illuminate\\Pipeline\\Pipeline::prepareDestination():167}(Object(Illuminate\\Http\\Request))
#6 /home/tameem/Desktop/api_tutorial/vendor/laravel/framework/src/Illuminate/Pipeline/Pipeline.php(208): Illuminate\\Routing\\Middleware\\SubstituteBindings->handle(Object(Illuminate\\Http\\Request), Object(Closure))
#7 /home/tameem/Desktop/api_tutorial/vendor/laravel/framework/src/Illuminate/Pipeline/Pipeline.php(126): Illuminate\\Pipeline\\Pipeline->{closure:{closure:Illuminate\\Pipeline\\Pipeline::carry():183}:184}(Object(Illuminate\\Http\\Request))
#8 /home/tameem/Desktop/api_tutorial/vendor/laravel/framework/src/Illuminate/Routing/Router.php(807): Illuminate\\Pipeline\\Pipeline->then(Object(Closure))
#9 /home/tameem/Desktop/api_tutorial/vendor/laravel/framework/src/Illuminate/Routing/Router.php(786): Illuminate\\Routing\\Router->runRouteWithinStack(Object(Illuminate\\Routing\\Route), Object(Illuminate\\Http\\Request))
#10 /home/tameem/Desktop/api_tutorial/vendor/laravel/framework/src/Illuminate/Routing/Router.php(750): Illuminate\\Routing\\Router->runRoute(Object(Illuminate\\Http\\Request), Object(Illuminate\\Routing\\Route))
#11 /home/tameem/Desktop/api_tutorial/vendor/laravel/framework/src/Illuminate/Routing/Router.php(739): Illuminate\\Routing\\Router->dispatchToRoute(Object(Illuminate\\Http\\Request))
#12 /home/tameem/Desktop/api_tutorial/vendor/laravel/framework/src/Illuminate/Foundation/Http/Kernel.php(200): Illuminate\\Routing\\Router->dispatch(Object(Illuminate\\Http\\Request))
#13 /home/tameem/Desktop/api_tutorial/vendor/laravel/framework/src/Illuminate/Pipeline/Pipeline.php(169): Illuminate\\Foundation\\Http\\Kernel->{closure:Illuminate\\Foundation\\Http\\Kernel::dispatchToRouter():197}(Object(Illuminate\\Http\\Request))
#14 /home/tameem/Desktop/api_tutorial/vendor/laravel/framework/src/Illuminate/Foundation/Http/Middleware/TransformsRequest.php(21): Illuminate\\Pipeline\\Pipeline->{closure:Illuminate\\Pipeline\\Pipeline::prepareDestination():167}(Object(Illuminate\\Http\\Request))
#15 /home/tameem/Desktop/api_tutorial/vendor/laravel/framework/src/Illuminate/Foundation/Http/Middleware/ConvertEmptyStringsToNull.php(31): Illuminate\\Foundation\\Http\\Middleware\\TransformsRequest->handle(Object(Illuminate\\Http\\Request), Object(Closure))
#16 /home/tameem/Desktop/api_tutorial/vendor/laravel/framework/src/Illuminate/Pipeline/Pipeline.php(208): Illuminate\\Foundation\\Http\\Middleware\\ConvertEmptyStringsToNull->handle(Object(Illuminate\\Http\\Request), Object(Closure))
#17 /home/tameem/Desktop/api_tutorial/vendor/laravel/framework/src/Illuminate/Foundation/Http/Middleware/TransformsRequest.php(21): Illuminate\\Pipeline\\Pipeline->{closure:{closure:Illuminate\\Pipeline\\Pipeline::carry():183}:184}(Object(Illuminate\\Http\\Request))
#18 /home/tameem/Desktop/api_tutorial/vendor/laravel/framework/src/Illuminate/Foundation/Http/Middleware/TrimStrings.php(51): Illuminate\\Foundation\\Http\\Middleware\\TransformsRequest->handle(Object(Illuminate\\Http\\Request), Object(Closure))
#19 /home/tameem/Desktop/api_tutorial/vendor/laravel/framework/src/Illuminate/Pipeline/Pipeline.php(208): Illuminate\\Foundation\\Http\\Middleware\\TrimStrings->handle(Object(Illuminate\\Http\\Request), Object(Closure))
#20 /home/tameem/Desktop/api_tutorial/vendor/laravel/framework/src/Illuminate/Http/Middleware/ValidatePostSize.php(27): Illuminate\\Pipeline\\Pipeline->{closure:{closure:Illuminate\\Pipeline\\Pipeline::carry():183}:184}(Object(Illuminate\\Http\\Request))
#21 /home/tameem/Desktop/api_tutorial/vendor/laravel/framework/src/Illuminate/Pipeline/Pipeline.php(208): Illuminate\\Http\\Middleware\\ValidatePostSize->handle(Object(Illuminate\\Http\\Request), Object(Closure))
#22 /home/tameem/Desktop/api_tutorial/vendor/laravel/framework/src/Illuminate/Foundation/Http/Middleware/PreventRequestsDuringMaintenance.php(109): Illuminate\\Pipeline\\Pipeline->{closure:{closure:Illuminate\\Pipeline\\Pipeline::carry():183}:184}(Object(Illuminate\\Http\\Request))
#23 /home/tameem/Desktop/api_tutorial/vendor/laravel/framework/src/Illuminate/Pipeline/Pipeline.php(208): Illuminate\\Foundation\\Http\\Middleware\\PreventRequestsDuringMaintenance->handle(Object(Illuminate\\Http\\Request), Object(Closure))
#24 /home/tameem/Desktop/api_tutorial/vendor/laravel/framework/src/Illuminate/Http/Middleware/HandleCors.php(61): Illuminate\\Pipeline\\Pipeline->{closure:{closure:Illuminate\\Pipeline\\Pipeline::carry():183}:184}(Object(Illuminate\\Http\\Request))
#25 /home/tameem/Desktop/api_tutorial/vendor/laravel/framework/src/Illuminate/Pipeline/Pipeline.php(208): Illuminate\\Http\\Middleware\\HandleCors->handle(Object(Illuminate\\Http\\Request), Object(Closure))
#26 /home/tameem/Desktop/api_tutorial/vendor/laravel/framework/src/Illuminate/Http/Middleware/TrustProxies.php(58): Illuminate\\Pipeline\\Pipeline->{closure:{closure:Illuminate\\Pipeline\\Pipeline::carry():183}:184}(Object(Illuminate\\Http\\Request))
#27 /home/tameem/Desktop/api_tutorial/vendor/laravel/framework/src/Illuminate/Pipeline/Pipeline.php(208): Illuminate\\Http\\Middleware\\TrustProxies->handle(Object(Illuminate\\Http\\Request), Object(Closure))
#28 /home/tameem/Desktop/api_tutorial/vendor/laravel/framework/src/Illuminate/Foundation/Http/Middleware/InvokeDeferredCallbacks.php(22): Illuminate\\Pipeline\\Pipeline->{closure:{closure:Illuminate\\Pipeline\\Pipeline::carry():183}:184}(Object(Illuminate\\Http\\Request))
#29 /home/tameem/Desktop/api_tutorial/vendor/laravel/framework/src/Illuminate/Pipeline/Pipeline.php(208): Illuminate\\Foundation\\Http\\Middleware\\InvokeDeferredCallbacks->handle(Object(Illuminate\\Http\\Request), Object(Closure))
#30 /home/tameem/Desktop/api_tutorial/vendor/laravel/framework/src/Illuminate/Http/Middleware/ValidatePathEncoding.php(26): Illuminate\\Pipeline\\Pipeline->{closure:{closure:Illuminate\\Pipeline\\Pipeline::carry():183}:184}(Object(Illuminate\\Http\\Request))
#31 /home/tameem/Desktop/api_tutorial/vendor/laravel/framework/src/Illuminate/Pipeline/Pipeline.php(208): Illuminate\\Http\\Middleware\\ValidatePathEncoding->handle(Object(Illuminate\\Http\\Request), Object(Closure))
#32 /home/tameem/Desktop/api_tutorial/vendor/laravel/framework/src/Illuminate/Pipeline/Pipeline.php(126): Illuminate\\Pipeline\\Pipeline->{closure:{closure:Illuminate\\Pipeline\\Pipeline::carry():183}:184}(Object(Illuminate\\Http\\Request))
#33 /home/tameem/Desktop/api_tutorial/vendor/laravel/framework/src/Illuminate/Foundation/Http/Kernel.php(175): Illuminate\\Pipeline\\Pipeline->then(Object(Closure))
#34 /home/tameem/Desktop/api_tutorial/vendor/laravel/framework/src/Illuminate/Foundation/Http/Kernel.php(144): Illuminate\\Foundation\\Http\\Kernel->sendRequestThroughRouter(Object(Illuminate\\Http\\Request))
#35 /home/tameem/Desktop/api_tutorial/vendor/laravel/framework/src/Illuminate/Foundation/Application.php(1219): Illuminate\\Foundation\\Http\\Kernel->handle(Object(Illuminate\\Http\\Request))
#36 /home/tameem/Desktop/api_tutorial/public/index.php(20): Illuminate\\Foundation\\Application->handleRequest(Object(Illuminate\\Http\\Request))
#37 /home/tameem/Desktop/api_tutorial/vendor/laravel/framework/src/Illuminate/Foundation/resources/server.php(23): require_once('/home/tameem/De...')
#38 {main}
"} 
[2025-04-29 16:33:12] local.ERROR: Attempt to assign property "status" on null {"exception":"[object] (Error(code: 0): Attempt to assign property \"status\" on null at /home/tameem/Desktop/api_tutorial/app/Http/Controllers/UserController.php:36)
[stacktrace]
#0 /home/tameem/Desktop/api_tutorial/vendor/laravel/framework/src/Illuminate/Routing/ControllerDispatcher.php(46): App\\Http\\Controllers\\UserController->updateUser(Object(Illuminate\\Http\\Request))
#1 /home/tameem/Desktop/api_tutorial/vendor/laravel/framework/src/Illuminate/Routing/Route.php(265): Illuminate\\Routing\\ControllerDispatcher->dispatch(Object(Illuminate\\Routing\\Route), Object(App\\Http\\Controllers\\UserController), 'updateUser')
#2 /home/tameem/Desktop/api_tutorial/vendor/laravel/framework/src/Illuminate/Routing/Route.php(211): Illuminate\\Routing\\Route->runController()
#3 /home/tameem/Desktop/api_tutorial/vendor/laravel/framework/src/Illuminate/Routing/Router.php(808): Illuminate\\Routing\\Route->run()
#4 /home/tameem/Desktop/api_tutorial/vendor/laravel/framework/src/Illuminate/Pipeline/Pipeline.php(169): Illuminate\\Routing\\Router->{closure:Illuminate\\Routing\\Router::runRouteWithinStack():807}(Object(Illuminate\\Http\\Request))
#5 /home/tameem/Desktop/api_tutorial/vendor/laravel/framework/src/Illuminate/Routing/Middleware/SubstituteBindings.php(50): Illuminate\\Pipeline\\Pipeline->{closure:Illuminate\\Pipeline\\Pipeline::prepareDestination():167}(Object(Illuminate\\Http\\Request))
#6 /home/tameem/Desktop/api_tutorial/vendor/laravel/framework/src/Illuminate/Pipeline/Pipeline.php(208): Illuminate\\Routing\\Middleware\\SubstituteBindings->handle(Object(Illuminate\\Http\\Request), Object(Closure))
#7 /home/tameem/Desktop/api_tutorial/vendor/laravel/framework/src/Illuminate/Pipeline/Pipeline.php(126): Illuminate\\Pipeline\\Pipeline->{closure:{closure:Illuminate\\Pipeline\\Pipeline::carry():183}:184}(Object(Illuminate\\Http\\Request))
#8 /home/tameem/Desktop/api_tutorial/vendor/laravel/framework/src/Illuminate/Routing/Router.php(807): Illuminate\\Pipeline\\Pipeline->then(Object(Closure))
#9 /home/tameem/Desktop/api_tutorial/vendor/laravel/framework/src/Illuminate/Routing/Router.php(786): Illuminate\\Routing\\Router->runRouteWithinStack(Object(Illuminate\\Routing\\Route), Object(Illuminate\\Http\\Request))
#10 /home/tameem/Desktop/api_tutorial/vendor/laravel/framework/src/Illuminate/Routing/Router.php(750): Illuminate\\Routing\\Router->runRoute(Object(Illuminate\\Http\\Request), Object(Illuminate\\Routing\\Route))
#11 /home/tameem/Desktop/api_tutorial/vendor/laravel/framework/src/Illuminate/Routing/Router.php(739): Illuminate\\Routing\\Router->dispatchToRoute(Object(Illuminate\\Http\\Request))
#12 /home/tameem/Desktop/api_tutorial/vendor/laravel/framework/src/Illuminate/Foundation/Http/Kernel.php(200): Illuminate\\Routing\\Router->dispatch(Object(Illuminate\\Http\\Request))
#13 /home/tameem/Desktop/api_tutorial/vendor/laravel/framework/src/Illuminate/Pipeline/Pipeline.php(169): Illuminate\\Foundation\\Http\\Kernel->{closure:Illuminate\\Foundation\\Http\\Kernel::dispatchToRouter():197}(Object(Illuminate\\Http\\Request))
#14 /home/tameem/Desktop/api_tutorial/vendor/laravel/framework/src/Illuminate/Foundation/Http/Middleware/TransformsRequest.php(21): Illuminate\\Pipeline\\Pipeline->{closure:Illuminate\\Pipeline\\Pipeline::prepareDestination():167}(Object(Illuminate\\Http\\Request))
#15 /home/tameem/Desktop/api_tutorial/vendor/laravel/framework/src/Illuminate/Foundation/Http/Middleware/ConvertEmptyStringsToNull.php(31): Illuminate\\Foundation\\Http\\Middleware\\TransformsRequest->handle(Object(Illuminate\\Http\\Request), Object(Closure))
#16 /home/tameem/Desktop/api_tutorial/vendor/laravel/framework/src/Illuminate/Pipeline/Pipeline.php(208): Illuminate\\Foundation\\Http\\Middleware\\ConvertEmptyStringsToNull->handle(Object(Illuminate\\Http\\Request), Object(Closure))
#17 /home/tameem/Desktop/api_tutorial/vendor/laravel/framework/src/Illuminate/Foundation/Http/Middleware/TransformsRequest.php(21): Illuminate\\Pipeline\\Pipeline->{closure:{closure:Illuminate\\Pipeline\\Pipeline::carry():183}:184}(Object(Illuminate\\Http\\Request))
#18 /home/tameem/Desktop/api_tutorial/vendor/laravel/framework/src/Illuminate/Foundation/Http/Middleware/TrimStrings.php(51): Illuminate\\Foundation\\Http\\Middleware\\TransformsRequest->handle(Object(Illuminate\\Http\\Request), Object(Closure))
#19 /home/tameem/Desktop/api_tutorial/vendor/laravel/framework/src/Illuminate/Pipeline/Pipeline.php(208): Illuminate\\Foundation\\Http\\Middleware\\TrimStrings->handle(Object(Illuminate\\Http\\Request), Object(Closure))
#20 /home/tameem/Desktop/api_tutorial/vendor/laravel/framework/src/Illuminate/Http/Middleware/ValidatePostSize.php(27): Illuminate\\Pipeline\\Pipeline->{closure:{closure:Illuminate\\Pipeline\\Pipeline::carry():183}:184}(Object(Illuminate\\Http\\Request))
#21 /home/tameem/Desktop/api_tutorial/vendor/laravel/framework/src/Illuminate/Pipeline/Pipeline.php(208): Illuminate\\Http\\Middleware\\ValidatePostSize->handle(Object(Illuminate\\Http\\Request), Object(Closure))
#22 /home/tameem/Desktop/api_tutorial/vendor/laravel/framework/src/Illuminate/Foundation/Http/Middleware/PreventRequestsDuringMaintenance.php(109): Illuminate\\Pipeline\\Pipeline->{closure:{closure:Illuminate\\Pipeline\\Pipeline::carry():183}:184}(Object(Illuminate\\Http\\Request))
#23 /home/tameem/Desktop/api_tutorial/vendor/laravel/framework/src/Illuminate/Pipeline/Pipeline.php(208): Illuminate\\Foundation\\Http\\Middleware\\PreventRequestsDuringMaintenance->handle(Object(Illuminate\\Http\\Request), Object(Closure))
#24 /home/tameem/Desktop/api_tutorial/vendor/laravel/framework/src/Illuminate/Http/Middleware/HandleCors.php(61): Illuminate\\Pipeline\\Pipeline->{closure:{closure:Illuminate\\Pipeline\\Pipeline::carry():183}:184}(Object(Illuminate\\Http\\Request))
#25 /home/tameem/Desktop/api_tutorial/vendor/laravel/framework/src/Illuminate/Pipeline/Pipeline.php(208): Illuminate\\Http\\Middleware\\HandleCors->handle(Object(Illuminate\\Http\\Request), Object(Closure))
#26 /home/tameem/Desktop/api_tutorial/vendor/laravel/framework/src/Illuminate/Http/Middleware/TrustProxies.php(58): Illuminate\\Pipeline\\Pipeline->{closure:{closure:Illuminate\\Pipeline\\Pipeline::carry():183}:184}(Object(Illuminate\\Http\\Request))
#27 /home/tameem/Desktop/api_tutorial/vendor/laravel/framework/src/Illuminate/Pipeline/Pipeline.php(208): Illuminate\\Http\\Middleware\\TrustProxies->handle(Object(Illuminate\\Http\\Request), Object(Closure))
#28 /home/tameem/Desktop/api_tutorial/vendor/laravel/framework/src/Illuminate/Foundation/Http/Middleware/InvokeDeferredCallbacks.php(22): Illuminate\\Pipeline\\Pipeline->{closure:{closure:Illuminate\\Pipeline\\Pipeline::carry():183}:184}(Object(Illuminate\\Http\\Request))
#29 /home/tameem/Desktop/api_tutorial/vendor/laravel/framework/src/Illuminate/Pipeline/Pipeline.php(208): Illuminate\\Foundation\\Http\\Middleware\\InvokeDeferredCallbacks->handle(Object(Illuminate\\Http\\Request), Object(Closure))
#30 /home/tameem/Desktop/api_tutorial/vendor/laravel/framework/src/Illuminate/Http/Middleware/ValidatePathEncoding.php(26): Illuminate\\Pipeline\\Pipeline->{closure:{closure:Illuminate\\Pipeline\\Pipeline::carry():183}:184}(Object(Illuminate\\Http\\Request))
#31 /home/tameem/Desktop/api_tutorial/vendor/laravel/framework/src/Illuminate/Pipeline/Pipeline.php(208): Illuminate\\Http\\Middleware\\ValidatePathEncoding->handle(Object(Illuminate\\Http\\Request), Object(Closure))
#32 /home/tameem/Desktop/api_tutorial/vendor/laravel/framework/src/Illuminate/Pipeline/Pipeline.php(126): Illuminate\\Pipeline\\Pipeline->{closure:{closure:Illuminate\\Pipeline\\Pipeline::carry():183}:184}(Object(Illuminate\\Http\\Request))
#33 /home/tameem/Desktop/api_tutorial/vendor/laravel/framework/src/Illuminate/Foundation/Http/Kernel.php(175): Illuminate\\Pipeline\\Pipeline->then(Object(Closure))
#34 /home/tameem/Desktop/api_tutorial/vendor/laravel/framework/src/Illuminate/Foundation/Http/Kernel.php(144): Illuminate\\Foundation\\Http\\Kernel->sendRequestThroughRouter(Object(Illuminate\\Http\\Request))
#35 /home/tameem/Desktop/api_tutorial/vendor/laravel/framework/src/Illuminate/Foundation/Application.php(1219): Illuminate\\Foundation\\Http\\Kernel->handle(Object(Illuminate\\Http\\Request))
#36 /home/tameem/Desktop/api_tutorial/public/index.php(20): Illuminate\\Foundation\\Application->handleRequest(Object(Illuminate\\Http\\Request))
#37 /home/tameem/Desktop/api_tutorial/vendor/laravel/framework/src/Illuminate/Foundation/resources/server.php(23): require_once('/home/tameem/De...')
#38 {main}
"} 
[2025-04-29 16:33:13] local.ERROR: Attempt to assign property "status" on null {"exception":"[object] (Error(code: 0): Attempt to assign property \"status\" on null at /home/tameem/Desktop/api_tutorial/app/Http/Controllers/UserController.php:36)
[stacktrace]
#0 /home/tameem/Desktop/api_tutorial/vendor/laravel/framework/src/Illuminate/Routing/ControllerDispatcher.php(46): App\\Http\\Controllers\\UserController->updateUser(Object(Illuminate\\Http\\Request))
#1 /home/tameem/Desktop/api_tutorial/vendor/laravel/framework/src/Illuminate/Routing/Route.php(265): Illuminate\\Routing\\ControllerDispatcher->dispatch(Object(Illuminate\\Routing\\Route), Object(App\\Http\\Controllers\\UserController), 'updateUser')
#2 /home/tameem/Desktop/api_tutorial/vendor/laravel/framework/src/Illuminate/Routing/Route.php(211): Illuminate\\Routing\\Route->runController()
#3 /home/tameem/Desktop/api_tutorial/vendor/laravel/framework/src/Illuminate/Routing/Router.php(808): Illuminate\\Routing\\Route->run()
#4 /home/tameem/Desktop/api_tutorial/vendor/laravel/framework/src/Illuminate/Pipeline/Pipeline.php(169): Illuminate\\Routing\\Router->{closure:Illuminate\\Routing\\Router::runRouteWithinStack():807}(Object(Illuminate\\Http\\Request))
#5 /home/tameem/Desktop/api_tutorial/vendor/laravel/framework/src/Illuminate/Routing/Middleware/SubstituteBindings.php(50): Illuminate\\Pipeline\\Pipeline->{closure:Illuminate\\Pipeline\\Pipeline::prepareDestination():167}(Object(Illuminate\\Http\\Request))
#6 /home/tameem/Desktop/api_tutorial/vendor/laravel/framework/src/Illuminate/Pipeline/Pipeline.php(208): Illuminate\\Routing\\Middleware\\SubstituteBindings->handle(Object(Illuminate\\Http\\Request), Object(Closure))
#7 /home/tameem/Desktop/api_tutorial/vendor/laravel/framework/src/Illuminate/Pipeline/Pipeline.php(126): Illuminate\\Pipeline\\Pipeline->{closure:{closure:Illuminate\\Pipeline\\Pipeline::carry():183}:184}(Object(Illuminate\\Http\\Request))
#8 /home/tameem/Desktop/api_tutorial/vendor/laravel/framework/src/Illuminate/Routing/Router.php(807): Illuminate\\Pipeline\\Pipeline->then(Object(Closure))
#9 /home/tameem/Desktop/api_tutorial/vendor/laravel/framework/src/Illuminate/Routing/Router.php(786): Illuminate\\Routing\\Router->runRouteWithinStack(Object(Illuminate\\Routing\\Route), Object(Illuminate\\Http\\Request))
#10 /home/tameem/Desktop/api_tutorial/vendor/laravel/framework/src/Illuminate/Routing/Router.php(750): Illuminate\\Routing\\Router->runRoute(Object(Illuminate\\Http\\Request), Object(Illuminate\\Routing\\Route))
#11 /home/tameem/Desktop/api_tutorial/vendor/laravel/framework/src/Illuminate/Routing/Router.php(739): Illuminate\\Routing\\Router->dispatchToRoute(Object(Illuminate\\Http\\Request))
#12 /home/tameem/Desktop/api_tutorial/vendor/laravel/framework/src/Illuminate/Foundation/Http/Kernel.php(200): Illuminate\\Routing\\Router->dispatch(Object(Illuminate\\Http\\Request))
#13 /home/tameem/Desktop/api_tutorial/vendor/laravel/framework/src/Illuminate/Pipeline/Pipeline.php(169): Illuminate\\Foundation\\Http\\Kernel->{closure:Illuminate\\Foundation\\Http\\Kernel::dispatchToRouter():197}(Object(Illuminate\\Http\\Request))
#14 /home/tameem/Desktop/api_tutorial/vendor/laravel/framework/src/Illuminate/Foundation/Http/Middleware/TransformsRequest.php(21): Illuminate\\Pipeline\\Pipeline->{closure:Illuminate\\Pipeline\\Pipeline::prepareDestination():167}(Object(Illuminate\\Http\\Request))
#15 /home/tameem/Desktop/api_tutorial/vendor/laravel/framework/src/Illuminate/Foundation/Http/Middleware/ConvertEmptyStringsToNull.php(31): Illuminate\\Foundation\\Http\\Middleware\\TransformsRequest->handle(Object(Illuminate\\Http\\Request), Object(Closure))
#16 /home/tameem/Desktop/api_tutorial/vendor/laravel/framework/src/Illuminate/Pipeline/Pipeline.php(208): Illuminate\\Foundation\\Http\\Middleware\\ConvertEmptyStringsToNull->handle(Object(Illuminate\\Http\\Request), Object(Closure))
#17 /home/tameem/Desktop/api_tutorial/vendor/laravel/framework/src/Illuminate/Foundation/Http/Middleware/TransformsRequest.php(21): Illuminate\\Pipeline\\Pipeline->{closure:{closure:Illuminate\\Pipeline\\Pipeline::carry():183}:184}(Object(Illuminate\\Http\\Request))
#18 /home/tameem/Desktop/api_tutorial/vendor/laravel/framework/src/Illuminate/Foundation/Http/Middleware/TrimStrings.php(51): Illuminate\\Foundation\\Http\\Middleware\\TransformsRequest->handle(Object(Illuminate\\Http\\Request), Object(Closure))
#19 /home/tameem/Desktop/api_tutorial/vendor/laravel/framework/src/Illuminate/Pipeline/Pipeline.php(208): Illuminate\\Foundation\\Http\\Middleware\\TrimStrings->handle(Object(Illuminate\\Http\\Request), Object(Closure))
#20 /home/tameem/Desktop/api_tutorial/vendor/laravel/framework/src/Illuminate/Http/Middleware/ValidatePostSize.php(27): Illuminate\\Pipeline\\Pipeline->{closure:{closure:Illuminate\\Pipeline\\Pipeline::carry():183}:184}(Object(Illuminate\\Http\\Request))
#21 /home/tameem/Desktop/api_tutorial/vendor/laravel/framework/src/Illuminate/Pipeline/Pipeline.php(208): Illuminate\\Http\\Middleware\\ValidatePostSize->handle(Object(Illuminate\\Http\\Request), Object(Closure))
#22 /home/tameem/Desktop/api_tutorial/vendor/laravel/framework/src/Illuminate/Foundation/Http/Middleware/PreventRequestsDuringMaintenance.php(109): Illuminate\\Pipeline\\Pipeline->{closure:{closure:Illuminate\\Pipeline\\Pipeline::carry():183}:184}(Object(Illuminate\\Http\\Request))
#23 /home/tameem/Desktop/api_tutorial/vendor/laravel/framework/src/Illuminate/Pipeline/Pipeline.php(208): Illuminate\\Foundation\\Http\\Middleware\\PreventRequestsDuringMaintenance->handle(Object(Illuminate\\Http\\Request), Object(Closure))
#24 /home/tameem/Desktop/api_tutorial/vendor/laravel/framework/src/Illuminate/Http/Middleware/HandleCors.php(61): Illuminate\\Pipeline\\Pipeline->{closure:{closure:Illuminate\\Pipeline\\Pipeline::carry():183}:184}(Object(Illuminate\\Http\\Request))
#25 /home/tameem/Desktop/api_tutorial/vendor/laravel/framework/src/Illuminate/Pipeline/Pipeline.php(208): Illuminate\\Http\\Middleware\\HandleCors->handle(Object(Illuminate\\Http\\Request), Object(Closure))
#26 /home/tameem/Desktop/api_tutorial/vendor/laravel/framework/src/Illuminate/Http/Middleware/TrustProxies.php(58): Illuminate\\Pipeline\\Pipeline->{closure:{closure:Illuminate\\Pipeline\\Pipeline::carry():183}:184}(Object(Illuminate\\Http\\Request))
#27 /home/tameem/Desktop/api_tutorial/vendor/laravel/framework/src/Illuminate/Pipeline/Pipeline.php(208): Illuminate\\Http\\Middleware\\TrustProxies->handle(Object(Illuminate\\Http\\Request), Object(Closure))
#28 /home/tameem/Desktop/api_tutorial/vendor/laravel/framework/src/Illuminate/Foundation/Http/Middleware/InvokeDeferredCallbacks.php(22): Illuminate\\Pipeline\\Pipeline->{closure:{closure:Illuminate\\Pipeline\\Pipeline::carry():183}:184}(Object(Illuminate\\Http\\Request))
#29 /home/tameem/Desktop/api_tutorial/vendor/laravel/framework/src/Illuminate/Pipeline/Pipeline.php(208): Illuminate\\Foundation\\Http\\Middleware\\InvokeDeferredCallbacks->handle(Object(Illuminate\\Http\\Request), Object(Closure))
#30 /home/tameem/Desktop/api_tutorial/vendor/laravel/framework/src/Illuminate/Http/Middleware/ValidatePathEncoding.php(26): Illuminate\\Pipeline\\Pipeline->{closure:{closure:Illuminate\\Pipeline\\Pipeline::carry():183}:184}(Object(Illuminate\\Http\\Request))
#31 /home/tameem/Desktop/api_tutorial/vendor/laravel/framework/src/Illuminate/Pipeline/Pipeline.php(208): Illuminate\\Http\\Middleware\\ValidatePathEncoding->handle(Object(Illuminate\\Http\\Request), Object(Closure))
#32 /home/tameem/Desktop/api_tutorial/vendor/laravel/framework/src/Illuminate/Pipeline/Pipeline.php(126): Illuminate\\Pipeline\\Pipeline->{closure:{closure:Illuminate\\Pipeline\\Pipeline::carry():183}:184}(Object(Illuminate\\Http\\Request))
#33 /home/tameem/Desktop/api_tutorial/vendor/laravel/framework/src/Illuminate/Foundation/Http/Kernel.php(175): Illuminate\\Pipeline\\Pipeline->then(Object(Closure))
#34 /home/tameem/Desktop/api_tutorial/vendor/laravel/framework/src/Illuminate/Foundation/Http/Kernel.php(144): Illuminate\\Foundation\\Http\\Kernel->sendRequestThroughRouter(Object(Illuminate\\Http\\Request))
#35 /home/tameem/Desktop/api_tutorial/vendor/laravel/framework/src/Illuminate/Foundation/Application.php(1219): Illuminate\\Foundation\\Http\\Kernel->handle(Object(Illuminate\\Http\\Request))
#36 /home/tameem/Desktop/api_tutorial/public/index.php(20): Illuminate\\Foundation\\Application->handleRequest(Object(Illuminate\\Http\\Request))
#37 /home/tameem/Desktop/api_tutorial/vendor/laravel/framework/src/Illuminate/Foundation/resources/server.php(23): require_once('/home/tameem/De...')
#38 {main}
"} 
[2025-04-29 16:34:48] local.ERROR: Attempt to assign property "status" on null {"exception":"[object] (Error(code: 0): Attempt to assign property \"status\" on null at /home/tameem/Desktop/api_tutorial/app/Http/Controllers/UserController.php:36)
[stacktrace]
#0 /home/tameem/Desktop/api_tutorial/vendor/laravel/framework/src/Illuminate/Routing/ControllerDispatcher.php(46): App\\Http\\Controllers\\UserController->updateUser(Object(Illuminate\\Http\\Request))
#1 /home/tameem/Desktop/api_tutorial/vendor/laravel/framework/src/Illuminate/Routing/Route.php(265): Illuminate\\Routing\\ControllerDispatcher->dispatch(Object(Illuminate\\Routing\\Route), Object(App\\Http\\Controllers\\UserController), 'updateUser')
#2 /home/tameem/Desktop/api_tutorial/vendor/laravel/framework/src/Illuminate/Routing/Route.php(211): Illuminate\\Routing\\Route->runController()
#3 /home/tameem/Desktop/api_tutorial/vendor/laravel/framework/src/Illuminate/Routing/Router.php(808): Illuminate\\Routing\\Route->run()
#4 /home/tameem/Desktop/api_tutorial/vendor/laravel/framework/src/Illuminate/Pipeline/Pipeline.php(169): Illuminate\\Routing\\Router->{closure:Illuminate\\Routing\\Router::runRouteWithinStack():807}(Object(Illuminate\\Http\\Request))
#5 /home/tameem/Desktop/api_tutorial/vendor/laravel/framework/src/Illuminate/Routing/Middleware/SubstituteBindings.php(50): Illuminate\\Pipeline\\Pipeline->{closure:Illuminate\\Pipeline\\Pipeline::prepareDestination():167}(Object(Illuminate\\Http\\Request))
#6 /home/tameem/Desktop/api_tutorial/vendor/laravel/framework/src/Illuminate/Pipeline/Pipeline.php(208): Illuminate\\Routing\\Middleware\\SubstituteBindings->handle(Object(Illuminate\\Http\\Request), Object(Closure))
#7 /home/tameem/Desktop/api_tutorial/vendor/laravel/framework/src/Illuminate/Pipeline/Pipeline.php(126): Illuminate\\Pipeline\\Pipeline->{closure:{closure:Illuminate\\Pipeline\\Pipeline::carry():183}:184}(Object(Illuminate\\Http\\Request))
#8 /home/tameem/Desktop/api_tutorial/vendor/laravel/framework/src/Illuminate/Routing/Router.php(807): Illuminate\\Pipeline\\Pipeline->then(Object(Closure))
#9 /home/tameem/Desktop/api_tutorial/vendor/laravel/framework/src/Illuminate/Routing/Router.php(786): Illuminate\\Routing\\Router->runRouteWithinStack(Object(Illuminate\\Routing\\Route), Object(Illuminate\\Http\\Request))
#10 /home/tameem/Desktop/api_tutorial/vendor/laravel/framework/src/Illuminate/Routing/Router.php(750): Illuminate\\Routing\\Router->runRoute(Object(Illuminate\\Http\\Request), Object(Illuminate\\Routing\\Route))
#11 /home/tameem/Desktop/api_tutorial/vendor/laravel/framework/src/Illuminate/Routing/Router.php(739): Illuminate\\Routing\\Router->dispatchToRoute(Object(Illuminate\\Http\\Request))
#12 /home/tameem/Desktop/api_tutorial/vendor/laravel/framework/src/Illuminate/Foundation/Http/Kernel.php(200): Illuminate\\Routing\\Router->dispatch(Object(Illuminate\\Http\\Request))
#13 /home/tameem/Desktop/api_tutorial/vendor/laravel/framework/src/Illuminate/Pipeline/Pipeline.php(169): Illuminate\\Foundation\\Http\\Kernel->{closure:Illuminate\\Foundation\\Http\\Kernel::dispatchToRouter():197}(Object(Illuminate\\Http\\Request))
#14 /home/tameem/Desktop/api_tutorial/vendor/laravel/framework/src/Illuminate/Foundation/Http/Middleware/TransformsRequest.php(21): Illuminate\\Pipeline\\Pipeline->{closure:Illuminate\\Pipeline\\Pipeline::prepareDestination():167}(Object(Illuminate\\Http\\Request))
#15 /home/tameem/Desktop/api_tutorial/vendor/laravel/framework/src/Illuminate/Foundation/Http/Middleware/ConvertEmptyStringsToNull.php(31): Illuminate\\Foundation\\Http\\Middleware\\TransformsRequest->handle(Object(Illuminate\\Http\\Request), Object(Closure))
#16 /home/tameem/Desktop/api_tutorial/vendor/laravel/framework/src/Illuminate/Pipeline/Pipeline.php(208): Illuminate\\Foundation\\Http\\Middleware\\ConvertEmptyStringsToNull->handle(Object(Illuminate\\Http\\Request), Object(Closure))
#17 /home/tameem/Desktop/api_tutorial/vendor/laravel/framework/src/Illuminate/Foundation/Http/Middleware/TransformsRequest.php(21): Illuminate\\Pipeline\\Pipeline->{closure:{closure:Illuminate\\Pipeline\\Pipeline::carry():183}:184}(Object(Illuminate\\Http\\Request))
#18 /home/tameem/Desktop/api_tutorial/vendor/laravel/framework/src/Illuminate/Foundation/Http/Middleware/TrimStrings.php(51): Illuminate\\Foundation\\Http\\Middleware\\TransformsRequest->handle(Object(Illuminate\\Http\\Request), Object(Closure))
#19 /home/tameem/Desktop/api_tutorial/vendor/laravel/framework/src/Illuminate/Pipeline/Pipeline.php(208): Illuminate\\Foundation\\Http\\Middleware\\TrimStrings->handle(Object(Illuminate\\Http\\Request), Object(Closure))
#20 /home/tameem/Desktop/api_tutorial/vendor/laravel/framework/src/Illuminate/Http/Middleware/ValidatePostSize.php(27): Illuminate\\Pipeline\\Pipeline->{closure:{closure:Illuminate\\Pipeline\\Pipeline::carry():183}:184}(Object(Illuminate\\Http\\Request))
#21 /home/tameem/Desktop/api_tutorial/vendor/laravel/framework/src/Illuminate/Pipeline/Pipeline.php(208): Illuminate\\Http\\Middleware\\ValidatePostSize->handle(Object(Illuminate\\Http\\Request), Object(Closure))
#22 /home/tameem/Desktop/api_tutorial/vendor/laravel/framework/src/Illuminate/Foundation/Http/Middleware/PreventRequestsDuringMaintenance.php(109): Illuminate\\Pipeline\\Pipeline->{closure:{closure:Illuminate\\Pipeline\\Pipeline::carry():183}:184}(Object(Illuminate\\Http\\Request))
#23 /home/tameem/Desktop/api_tutorial/vendor/laravel/framework/src/Illuminate/Pipeline/Pipeline.php(208): Illuminate\\Foundation\\Http\\Middleware\\PreventRequestsDuringMaintenance->handle(Object(Illuminate\\Http\\Request), Object(Closure))
#24 /home/tameem/Desktop/api_tutorial/vendor/laravel/framework/src/Illuminate/Http/Middleware/HandleCors.php(61): Illuminate\\Pipeline\\Pipeline->{closure:{closure:Illuminate\\Pipeline\\Pipeline::carry():183}:184}(Object(Illuminate\\Http\\Request))
#25 /home/tameem/Desktop/api_tutorial/vendor/laravel/framework/src/Illuminate/Pipeline/Pipeline.php(208): Illuminate\\Http\\Middleware\\HandleCors->handle(Object(Illuminate\\Http\\Request), Object(Closure))
#26 /home/tameem/Desktop/api_tutorial/vendor/laravel/framework/src/Illuminate/Http/Middleware/TrustProxies.php(58): Illuminate\\Pipeline\\Pipeline->{closure:{closure:Illuminate\\Pipeline\\Pipeline::carry():183}:184}(Object(Illuminate\\Http\\Request))
#27 /home/tameem/Desktop/api_tutorial/vendor/laravel/framework/src/Illuminate/Pipeline/Pipeline.php(208): Illuminate\\Http\\Middleware\\TrustProxies->handle(Object(Illuminate\\Http\\Request), Object(Closure))
#28 /home/tameem/Desktop/api_tutorial/vendor/laravel/framework/src/Illuminate/Foundation/Http/Middleware/InvokeDeferredCallbacks.php(22): Illuminate\\Pipeline\\Pipeline->{closure:{closure:Illuminate\\Pipeline\\Pipeline::carry():183}:184}(Object(Illuminate\\Http\\Request))
#29 /home/tameem/Desktop/api_tutorial/vendor/laravel/framework/src/Illuminate/Pipeline/Pipeline.php(208): Illuminate\\Foundation\\Http\\Middleware\\InvokeDeferredCallbacks->handle(Object(Illuminate\\Http\\Request), Object(Closure))
#30 /home/tameem/Desktop/api_tutorial/vendor/laravel/framework/src/Illuminate/Http/Middleware/ValidatePathEncoding.php(26): Illuminate\\Pipeline\\Pipeline->{closure:{closure:Illuminate\\Pipeline\\Pipeline::carry():183}:184}(Object(Illuminate\\Http\\Request))
#31 /home/tameem/Desktop/api_tutorial/vendor/laravel/framework/src/Illuminate/Pipeline/Pipeline.php(208): Illuminate\\Http\\Middleware\\ValidatePathEncoding->handle(Object(Illuminate\\Http\\Request), Object(Closure))
#32 /home/tameem/Desktop/api_tutorial/vendor/laravel/framework/src/Illuminate/Pipeline/Pipeline.php(126): Illuminate\\Pipeline\\Pipeline->{closure:{closure:Illuminate\\Pipeline\\Pipeline::carry():183}:184}(Object(Illuminate\\Http\\Request))
#33 /home/tameem/Desktop/api_tutorial/vendor/laravel/framework/src/Illuminate/Foundation/Http/Kernel.php(175): Illuminate\\Pipeline\\Pipeline->then(Object(Closure))
#34 /home/tameem/Desktop/api_tutorial/vendor/laravel/framework/src/Illuminate/Foundation/Http/Kernel.php(144): Illuminate\\Foundation\\Http\\Kernel->sendRequestThroughRouter(Object(Illuminate\\Http\\Request))
#35 /home/tameem/Desktop/api_tutorial/vendor/laravel/framework/src/Illuminate/Foundation/Application.php(1219): Illuminate\\Foundation\\Http\\Kernel->handle(Object(Illuminate\\Http\\Request))
#36 /home/tameem/Desktop/api_tutorial/public/index.php(20): Illuminate\\Foundation\\Application->handleRequest(Object(Illuminate\\Http\\Request))
#37 /home/tameem/Desktop/api_tutorial/vendor/laravel/framework/src/Illuminate/Foundation/resources/server.php(23): require_once('/home/tameem/De...')
#38 {main}
"} 
[2025-04-30 12:02:29] local.ERROR: Too few arguments to function App\Http\Controllers\UserController::deleteUser(), 0 passed in /home/tameem/Desktop/api_tutorial/vendor/laravel/framework/src/Illuminate/Routing/ControllerDispatcher.php on line 46 and exactly 1 expected {"exception":"[object] (ArgumentCountError(code: 0): Too few arguments to function App\\Http\\Controllers\\UserController::deleteUser(), 0 passed in /home/tameem/Desktop/api_tutorial/vendor/laravel/framework/src/Illuminate/Routing/ControllerDispatcher.php on line 46 and exactly 1 expected at /home/tameem/Desktop/api_tutorial/app/Http/Controllers/UserController.php:46)
[stacktrace]
#0 /home/tameem/Desktop/api_tutorial/vendor/laravel/framework/src/Illuminate/Routing/ControllerDispatcher.php(46): App\\Http\\Controllers\\UserController->deleteUser()
#1 /home/tameem/Desktop/api_tutorial/vendor/laravel/framework/src/Illuminate/Routing/Route.php(265): Illuminate\\Routing\\ControllerDispatcher->dispatch(Object(Illuminate\\Routing\\Route), Object(App\\Http\\Controllers\\UserController), 'deleteUser')
#2 /home/tameem/Desktop/api_tutorial/vendor/laravel/framework/src/Illuminate/Routing/Route.php(211): Illuminate\\Routing\\Route->runController()
#3 /home/tameem/Desktop/api_tutorial/vendor/laravel/framework/src/Illuminate/Routing/Router.php(808): Illuminate\\Routing\\Route->run()
#4 /home/tameem/Desktop/api_tutorial/vendor/laravel/framework/src/Illuminate/Pipeline/Pipeline.php(169): Illuminate\\Routing\\Router->{closure:Illuminate\\Routing\\Router::runRouteWithinStack():807}(Object(Illuminate\\Http\\Request))
#5 /home/tameem/Desktop/api_tutorial/vendor/laravel/framework/src/Illuminate/Routing/Middleware/SubstituteBindings.php(50): Illuminate\\Pipeline\\Pipeline->{closure:Illuminate\\Pipeline\\Pipeline::prepareDestination():167}(Object(Illuminate\\Http\\Request))
#6 /home/tameem/Desktop/api_tutorial/vendor/laravel/framework/src/Illuminate/Pipeline/Pipeline.php(208): Illuminate\\Routing\\Middleware\\SubstituteBindings->handle(Object(Illuminate\\Http\\Request), Object(Closure))
#7 /home/tameem/Desktop/api_tutorial/vendor/laravel/framework/src/Illuminate/Pipeline/Pipeline.php(126): Illuminate\\Pipeline\\Pipeline->{closure:{closure:Illuminate\\Pipeline\\Pipeline::carry():183}:184}(Object(Illuminate\\Http\\Request))
#8 /home/tameem/Desktop/api_tutorial/vendor/laravel/framework/src/Illuminate/Routing/Router.php(807): Illuminate\\Pipeline\\Pipeline->then(Object(Closure))
#9 /home/tameem/Desktop/api_tutorial/vendor/laravel/framework/src/Illuminate/Routing/Router.php(786): Illuminate\\Routing\\Router->runRouteWithinStack(Object(Illuminate\\Routing\\Route), Object(Illuminate\\Http\\Request))
#10 /home/tameem/Desktop/api_tutorial/vendor/laravel/framework/src/Illuminate/Routing/Router.php(750): Illuminate\\Routing\\Router->runRoute(Object(Illuminate\\Http\\Request), Object(Illuminate\\Routing\\Route))
#11 /home/tameem/Desktop/api_tutorial/vendor/laravel/framework/src/Illuminate/Routing/Router.php(739): Illuminate\\Routing\\Router->dispatchToRoute(Object(Illuminate\\Http\\Request))
#12 /home/tameem/Desktop/api_tutorial/vendor/laravel/framework/src/Illuminate/Foundation/Http/Kernel.php(200): Illuminate\\Routing\\Router->dispatch(Object(Illuminate\\Http\\Request))
#13 /home/tameem/Desktop/api_tutorial/vendor/laravel/framework/src/Illuminate/Pipeline/Pipeline.php(169): Illuminate\\Foundation\\Http\\Kernel->{closure:Illuminate\\Foundation\\Http\\Kernel::dispatchToRouter():197}(Object(Illuminate\\Http\\Request))
#14 /home/tameem/Desktop/api_tutorial/vendor/laravel/framework/src/Illuminate/Foundation/Http/Middleware/TransformsRequest.php(21): Illuminate\\Pipeline\\Pipeline->{closure:Illuminate\\Pipeline\\Pipeline::prepareDestination():167}(Object(Illuminate\\Http\\Request))
#15 /home/tameem/Desktop/api_tutorial/vendor/laravel/framework/src/Illuminate/Foundation/Http/Middleware/ConvertEmptyStringsToNull.php(31): Illuminate\\Foundation\\Http\\Middleware\\TransformsRequest->handle(Object(Illuminate\\Http\\Request), Object(Closure))
#16 /home/tameem/Desktop/api_tutorial/vendor/laravel/framework/src/Illuminate/Pipeline/Pipeline.php(208): Illuminate\\Foundation\\Http\\Middleware\\ConvertEmptyStringsToNull->handle(Object(Illuminate\\Http\\Request), Object(Closure))
#17 /home/tameem/Desktop/api_tutorial/vendor/laravel/framework/src/Illuminate/Foundation/Http/Middleware/TransformsRequest.php(21): Illuminate\\Pipeline\\Pipeline->{closure:{closure:Illuminate\\Pipeline\\Pipeline::carry():183}:184}(Object(Illuminate\\Http\\Request))
#18 /home/tameem/Desktop/api_tutorial/vendor/laravel/framework/src/Illuminate/Foundation/Http/Middleware/TrimStrings.php(51): Illuminate\\Foundation\\Http\\Middleware\\TransformsRequest->handle(Object(Illuminate\\Http\\Request), Object(Closure))
#19 /home/tameem/Desktop/api_tutorial/vendor/laravel/framework/src/Illuminate/Pipeline/Pipeline.php(208): Illuminate\\Foundation\\Http\\Middleware\\TrimStrings->handle(Object(Illuminate\\Http\\Request), Object(Closure))
#20 /home/tameem/Desktop/api_tutorial/vendor/laravel/framework/src/Illuminate/Http/Middleware/ValidatePostSize.php(27): Illuminate\\Pipeline\\Pipeline->{closure:{closure:Illuminate\\Pipeline\\Pipeline::carry():183}:184}(Object(Illuminate\\Http\\Request))
#21 /home/tameem/Desktop/api_tutorial/vendor/laravel/framework/src/Illuminate/Pipeline/Pipeline.php(208): Illuminate\\Http\\Middleware\\ValidatePostSize->handle(Object(Illuminate\\Http\\Request), Object(Closure))
#22 /home/tameem/Desktop/api_tutorial/vendor/laravel/framework/src/Illuminate/Foundation/Http/Middleware/PreventRequestsDuringMaintenance.php(109): Illuminate\\Pipeline\\Pipeline->{closure:{closure:Illuminate\\Pipeline\\Pipeline::carry():183}:184}(Object(Illuminate\\Http\\Request))
#23 /home/tameem/Desktop/api_tutorial/vendor/laravel/framework/src/Illuminate/Pipeline/Pipeline.php(208): Illuminate\\Foundation\\Http\\Middleware\\PreventRequestsDuringMaintenance->handle(Object(Illuminate\\Http\\Request), Object(Closure))
#24 /home/tameem/Desktop/api_tutorial/vendor/laravel/framework/src/Illuminate/Http/Middleware/HandleCors.php(61): Illuminate\\Pipeline\\Pipeline->{closure:{closure:Illuminate\\Pipeline\\Pipeline::carry():183}:184}(Object(Illuminate\\Http\\Request))
#25 /home/tameem/Desktop/api_tutorial/vendor/laravel/framework/src/Illuminate/Pipeline/Pipeline.php(208): Illuminate\\Http\\Middleware\\HandleCors->handle(Object(Illuminate\\Http\\Request), Object(Closure))
#26 /home/tameem/Desktop/api_tutorial/vendor/laravel/framework/src/Illuminate/Http/Middleware/TrustProxies.php(58): Illuminate\\Pipeline\\Pipeline->{closure:{closure:Illuminate\\Pipeline\\Pipeline::carry():183}:184}(Object(Illuminate\\Http\\Request))
#27 /home/tameem/Desktop/api_tutorial/vendor/laravel/framework/src/Illuminate/Pipeline/Pipeline.php(208): Illuminate\\Http\\Middleware\\TrustProxies->handle(Object(Illuminate\\Http\\Request), Object(Closure))
#28 /home/tameem/Desktop/api_tutorial/vendor/laravel/framework/src/Illuminate/Foundation/Http/Middleware/InvokeDeferredCallbacks.php(22): Illuminate\\Pipeline\\Pipeline->{closure:{closure:Illuminate\\Pipeline\\Pipeline::carry():183}:184}(Object(Illuminate\\Http\\Request))
#29 /home/tameem/Desktop/api_tutorial/vendor/laravel/framework/src/Illuminate/Pipeline/Pipeline.php(208): Illuminate\\Foundation\\Http\\Middleware\\InvokeDeferredCallbacks->handle(Object(Illuminate\\Http\\Request), Object(Closure))
#30 /home/tameem/Desktop/api_tutorial/vendor/laravel/framework/src/Illuminate/Http/Middleware/ValidatePathEncoding.php(26): Illuminate\\Pipeline\\Pipeline->{closure:{closure:Illuminate\\Pipeline\\Pipeline::carry():183}:184}(Object(Illuminate\\Http\\Request))
#31 /home/tameem/Desktop/api_tutorial/vendor/laravel/framework/src/Illuminate/Pipeline/Pipeline.php(208): Illuminate\\Http\\Middleware\\ValidatePathEncoding->handle(Object(Illuminate\\Http\\Request), Object(Closure))
#32 /home/tameem/Desktop/api_tutorial/vendor/laravel/framework/src/Illuminate/Pipeline/Pipeline.php(126): Illuminate\\Pipeline\\Pipeline->{closure:{closure:Illuminate\\Pipeline\\Pipeline::carry():183}:184}(Object(Illuminate\\Http\\Request))
#33 /home/tameem/Desktop/api_tutorial/vendor/laravel/framework/src/Illuminate/Foundation/Http/Kernel.php(175): Illuminate\\Pipeline\\Pipeline->then(Object(Closure))
#34 /home/tameem/Desktop/api_tutorial/vendor/laravel/framework/src/Illuminate/Foundation/Http/Kernel.php(144): Illuminate\\Foundation\\Http\\Kernel->sendRequestThroughRouter(Object(Illuminate\\Http\\Request))
#35 /home/tameem/Desktop/api_tutorial/vendor/laravel/framework/src/Illuminate/Foundation/Application.php(1219): Illuminate\\Foundation\\Http\\Kernel->handle(Object(Illuminate\\Http\\Request))
#36 /home/tameem/Desktop/api_tutorial/public/index.php(20): Illuminate\\Foundation\\Application->handleRequest(Object(Illuminate\\Http\\Request))
#37 /home/tameem/Desktop/api_tutorial/vendor/laravel/framework/src/Illuminate/Foundation/resources/server.php(23): require_once('/home/tameem/De...')
#38 {main}
"} 
[2025-04-30 12:02:36] local.ERROR: Too few arguments to function App\Http\Controllers\UserController::deleteUser(), 0 passed in /home/tameem/Desktop/api_tutorial/vendor/laravel/framework/src/Illuminate/Routing/ControllerDispatcher.php on line 46 and exactly 1 expected {"exception":"[object] (ArgumentCountError(code: 0): Too few arguments to function App\\Http\\Controllers\\UserController::deleteUser(), 0 passed in /home/tameem/Desktop/api_tutorial/vendor/laravel/framework/src/Illuminate/Routing/ControllerDispatcher.php on line 46 and exactly 1 expected at /home/tameem/Desktop/api_tutorial/app/Http/Controllers/UserController.php:46)
[stacktrace]
#0 /home/tameem/Desktop/api_tutorial/vendor/laravel/framework/src/Illuminate/Routing/ControllerDispatcher.php(46): App\\Http\\Controllers\\UserController->deleteUser()
#1 /home/tameem/Desktop/api_tutorial/vendor/laravel/framework/src/Illuminate/Routing/Route.php(265): Illuminate\\Routing\\ControllerDispatcher->dispatch(Object(Illuminate\\Routing\\Route), Object(App\\Http\\Controllers\\UserController), 'deleteUser')
#2 /home/tameem/Desktop/api_tutorial/vendor/laravel/framework/src/Illuminate/Routing/Route.php(211): Illuminate\\Routing\\Route->runController()
#3 /home/tameem/Desktop/api_tutorial/vendor/laravel/framework/src/Illuminate/Routing/Router.php(808): Illuminate\\Routing\\Route->run()
#4 /home/tameem/Desktop/api_tutorial/vendor/laravel/framework/src/Illuminate/Pipeline/Pipeline.php(169): Illuminate\\Routing\\Router->{closure:Illuminate\\Routing\\Router::runRouteWithinStack():807}(Object(Illuminate\\Http\\Request))
#5 /home/tameem/Desktop/api_tutorial/vendor/laravel/framework/src/Illuminate/Routing/Middleware/SubstituteBindings.php(50): Illuminate\\Pipeline\\Pipeline->{closure:Illuminate\\Pipeline\\Pipeline::prepareDestination():167}(Object(Illuminate\\Http\\Request))
#6 /home/tameem/Desktop/api_tutorial/vendor/laravel/framework/src/Illuminate/Pipeline/Pipeline.php(208): Illuminate\\Routing\\Middleware\\SubstituteBindings->handle(Object(Illuminate\\Http\\Request), Object(Closure))
#7 /home/tameem/Desktop/api_tutorial/vendor/laravel/framework/src/Illuminate/Pipeline/Pipeline.php(126): Illuminate\\Pipeline\\Pipeline->{closure:{closure:Illuminate\\Pipeline\\Pipeline::carry():183}:184}(Object(Illuminate\\Http\\Request))
#8 /home/tameem/Desktop/api_tutorial/vendor/laravel/framework/src/Illuminate/Routing/Router.php(807): Illuminate\\Pipeline\\Pipeline->then(Object(Closure))
#9 /home/tameem/Desktop/api_tutorial/vendor/laravel/framework/src/Illuminate/Routing/Router.php(786): Illuminate\\Routing\\Router->runRouteWithinStack(Object(Illuminate\\Routing\\Route), Object(Illuminate\\Http\\Request))
#10 /home/tameem/Desktop/api_tutorial/vendor/laravel/framework/src/Illuminate/Routing/Router.php(750): Illuminate\\Routing\\Router->runRoute(Object(Illuminate\\Http\\Request), Object(Illuminate\\Routing\\Route))
#11 /home/tameem/Desktop/api_tutorial/vendor/laravel/framework/src/Illuminate/Routing/Router.php(739): Illuminate\\Routing\\Router->dispatchToRoute(Object(Illuminate\\Http\\Request))
#12 /home/tameem/Desktop/api_tutorial/vendor/laravel/framework/src/Illuminate/Foundation/Http/Kernel.php(200): Illuminate\\Routing\\Router->dispatch(Object(Illuminate\\Http\\Request))
#13 /home/tameem/Desktop/api_tutorial/vendor/laravel/framework/src/Illuminate/Pipeline/Pipeline.php(169): Illuminate\\Foundation\\Http\\Kernel->{closure:Illuminate\\Foundation\\Http\\Kernel::dispatchToRouter():197}(Object(Illuminate\\Http\\Request))
#14 /home/tameem/Desktop/api_tutorial/vendor/laravel/framework/src/Illuminate/Foundation/Http/Middleware/TransformsRequest.php(21): Illuminate\\Pipeline\\Pipeline->{closure:Illuminate\\Pipeline\\Pipeline::prepareDestination():167}(Object(Illuminate\\Http\\Request))
#15 /home/tameem/Desktop/api_tutorial/vendor/laravel/framework/src/Illuminate/Foundation/Http/Middleware/ConvertEmptyStringsToNull.php(31): Illuminate\\Foundation\\Http\\Middleware\\TransformsRequest->handle(Object(Illuminate\\Http\\Request), Object(Closure))
#16 /home/tameem/Desktop/api_tutorial/vendor/laravel/framework/src/Illuminate/Pipeline/Pipeline.php(208): Illuminate\\Foundation\\Http\\Middleware\\ConvertEmptyStringsToNull->handle(Object(Illuminate\\Http\\Request), Object(Closure))
#17 /home/tameem/Desktop/api_tutorial/vendor/laravel/framework/src/Illuminate/Foundation/Http/Middleware/TransformsRequest.php(21): Illuminate\\Pipeline\\Pipeline->{closure:{closure:Illuminate\\Pipeline\\Pipeline::carry():183}:184}(Object(Illuminate\\Http\\Request))
#18 /home/tameem/Desktop/api_tutorial/vendor/laravel/framework/src/Illuminate/Foundation/Http/Middleware/TrimStrings.php(51): Illuminate\\Foundation\\Http\\Middleware\\TransformsRequest->handle(Object(Illuminate\\Http\\Request), Object(Closure))
#19 /home/tameem/Desktop/api_tutorial/vendor/laravel/framework/src/Illuminate/Pipeline/Pipeline.php(208): Illuminate\\Foundation\\Http\\Middleware\\TrimStrings->handle(Object(Illuminate\\Http\\Request), Object(Closure))
#20 /home/tameem/Desktop/api_tutorial/vendor/laravel/framework/src/Illuminate/Http/Middleware/ValidatePostSize.php(27): Illuminate\\Pipeline\\Pipeline->{closure:{closure:Illuminate\\Pipeline\\Pipeline::carry():183}:184}(Object(Illuminate\\Http\\Request))
#21 /home/tameem/Desktop/api_tutorial/vendor/laravel/framework/src/Illuminate/Pipeline/Pipeline.php(208): Illuminate\\Http\\Middleware\\ValidatePostSize->handle(Object(Illuminate\\Http\\Request), Object(Closure))
#22 /home/tameem/Desktop/api_tutorial/vendor/laravel/framework/src/Illuminate/Foundation/Http/Middleware/PreventRequestsDuringMaintenance.php(109): Illuminate\\Pipeline\\Pipeline->{closure:{closure:Illuminate\\Pipeline\\Pipeline::carry():183}:184}(Object(Illuminate\\Http\\Request))
#23 /home/tameem/Desktop/api_tutorial/vendor/laravel/framework/src/Illuminate/Pipeline/Pipeline.php(208): Illuminate\\Foundation\\Http\\Middleware\\PreventRequestsDuringMaintenance->handle(Object(Illuminate\\Http\\Request), Object(Closure))
#24 /home/tameem/Desktop/api_tutorial/vendor/laravel/framework/src/Illuminate/Http/Middleware/HandleCors.php(61): Illuminate\\Pipeline\\Pipeline->{closure:{closure:Illuminate\\Pipeline\\Pipeline::carry():183}:184}(Object(Illuminate\\Http\\Request))
#25 /home/tameem/Desktop/api_tutorial/vendor/laravel/framework/src/Illuminate/Pipeline/Pipeline.php(208): Illuminate\\Http\\Middleware\\HandleCors->handle(Object(Illuminate\\Http\\Request), Object(Closure))
#26 /home/tameem/Desktop/api_tutorial/vendor/laravel/framework/src/Illuminate/Http/Middleware/TrustProxies.php(58): Illuminate\\Pipeline\\Pipeline->{closure:{closure:Illuminate\\Pipeline\\Pipeline::carry():183}:184}(Object(Illuminate\\Http\\Request))
#27 /home/tameem/Desktop/api_tutorial/vendor/laravel/framework/src/Illuminate/Pipeline/Pipeline.php(208): Illuminate\\Http\\Middleware\\TrustProxies->handle(Object(Illuminate\\Http\\Request), Object(Closure))
#28 /home/tameem/Desktop/api_tutorial/vendor/laravel/framework/src/Illuminate/Foundation/Http/Middleware/InvokeDeferredCallbacks.php(22): Illuminate\\Pipeline\\Pipeline->{closure:{closure:Illuminate\\Pipeline\\Pipeline::carry():183}:184}(Object(Illuminate\\Http\\Request))
#29 /home/tameem/Desktop/api_tutorial/vendor/laravel/framework/src/Illuminate/Pipeline/Pipeline.php(208): Illuminate\\Foundation\\Http\\Middleware\\InvokeDeferredCallbacks->handle(Object(Illuminate\\Http\\Request), Object(Closure))
#30 /home/tameem/Desktop/api_tutorial/vendor/laravel/framework/src/Illuminate/Http/Middleware/ValidatePathEncoding.php(26): Illuminate\\Pipeline\\Pipeline->{closure:{closure:Illuminate\\Pipeline\\Pipeline::carry():183}:184}(Object(Illuminate\\Http\\Request))
#31 /home/tameem/Desktop/api_tutorial/vendor/laravel/framework/src/Illuminate/Pipeline/Pipeline.php(208): Illuminate\\Http\\Middleware\\ValidatePathEncoding->handle(Object(Illuminate\\Http\\Request), Object(Closure))
#32 /home/tameem/Desktop/api_tutorial/vendor/laravel/framework/src/Illuminate/Pipeline/Pipeline.php(126): Illuminate\\Pipeline\\Pipeline->{closure:{closure:Illuminate\\Pipeline\\Pipeline::carry():183}:184}(Object(Illuminate\\Http\\Request))
#33 /home/tameem/Desktop/api_tutorial/vendor/laravel/framework/src/Illuminate/Foundation/Http/Kernel.php(175): Illuminate\\Pipeline\\Pipeline->then(Object(Closure))
#34 /home/tameem/Desktop/api_tutorial/vendor/laravel/framework/src/Illuminate/Foundation/Http/Kernel.php(144): Illuminate\\Foundation\\Http\\Kernel->sendRequestThroughRouter(Object(Illuminate\\Http\\Request))
#35 /home/tameem/Desktop/api_tutorial/vendor/laravel/framework/src/Illuminate/Foundation/Application.php(1219): Illuminate\\Foundation\\Http\\Kernel->handle(Object(Illuminate\\Http\\Request))
#36 /home/tameem/Desktop/api_tutorial/public/index.php(20): Illuminate\\Foundation\\Application->handleRequest(Object(Illuminate\\Http\\Request))
#37 /home/tameem/Desktop/api_tutorial/vendor/laravel/framework/src/Illuminate/Foundation/resources/server.php(23): require_once('/home/tameem/De...')
#38 {main}
"} 
[2025-04-30 12:02:49] local.ERROR: Too few arguments to function App\Http\Controllers\UserController::deleteUser(), 0 passed in /home/tameem/Desktop/api_tutorial/vendor/laravel/framework/src/Illuminate/Routing/ControllerDispatcher.php on line 46 and exactly 1 expected {"exception":"[object] (ArgumentCountError(code: 0): Too few arguments to function App\\Http\\Controllers\\UserController::deleteUser(), 0 passed in /home/tameem/Desktop/api_tutorial/vendor/laravel/framework/src/Illuminate/Routing/ControllerDispatcher.php on line 46 and exactly 1 expected at /home/tameem/Desktop/api_tutorial/app/Http/Controllers/UserController.php:46)
[stacktrace]
#0 /home/tameem/Desktop/api_tutorial/vendor/laravel/framework/src/Illuminate/Routing/ControllerDispatcher.php(46): App\\Http\\Controllers\\UserController->deleteUser()
#1 /home/tameem/Desktop/api_tutorial/vendor/laravel/framework/src/Illuminate/Routing/Route.php(265): Illuminate\\Routing\\ControllerDispatcher->dispatch(Object(Illuminate\\Routing\\Route), Object(App\\Http\\Controllers\\UserController), 'deleteUser')
#2 /home/tameem/Desktop/api_tutorial/vendor/laravel/framework/src/Illuminate/Routing/Route.php(211): Illuminate\\Routing\\Route->runController()
#3 /home/tameem/Desktop/api_tutorial/vendor/laravel/framework/src/Illuminate/Routing/Router.php(808): Illuminate\\Routing\\Route->run()
#4 /home/tameem/Desktop/api_tutorial/vendor/laravel/framework/src/Illuminate/Pipeline/Pipeline.php(169): Illuminate\\Routing\\Router->{closure:Illuminate\\Routing\\Router::runRouteWithinStack():807}(Object(Illuminate\\Http\\Request))
#5 /home/tameem/Desktop/api_tutorial/vendor/laravel/framework/src/Illuminate/Routing/Middleware/SubstituteBindings.php(50): Illuminate\\Pipeline\\Pipeline->{closure:Illuminate\\Pipeline\\Pipeline::prepareDestination():167}(Object(Illuminate\\Http\\Request))
#6 /home/tameem/Desktop/api_tutorial/vendor/laravel/framework/src/Illuminate/Pipeline/Pipeline.php(208): Illuminate\\Routing\\Middleware\\SubstituteBindings->handle(Object(Illuminate\\Http\\Request), Object(Closure))
#7 /home/tameem/Desktop/api_tutorial/vendor/laravel/framework/src/Illuminate/Pipeline/Pipeline.php(126): Illuminate\\Pipeline\\Pipeline->{closure:{closure:Illuminate\\Pipeline\\Pipeline::carry():183}:184}(Object(Illuminate\\Http\\Request))
#8 /home/tameem/Desktop/api_tutorial/vendor/laravel/framework/src/Illuminate/Routing/Router.php(807): Illuminate\\Pipeline\\Pipeline->then(Object(Closure))
#9 /home/tameem/Desktop/api_tutorial/vendor/laravel/framework/src/Illuminate/Routing/Router.php(786): Illuminate\\Routing\\Router->runRouteWithinStack(Object(Illuminate\\Routing\\Route), Object(Illuminate\\Http\\Request))
#10 /home/tameem/Desktop/api_tutorial/vendor/laravel/framework/src/Illuminate/Routing/Router.php(750): Illuminate\\Routing\\Router->runRoute(Object(Illuminate\\Http\\Request), Object(Illuminate\\Routing\\Route))
#11 /home/tameem/Desktop/api_tutorial/vendor/laravel/framework/src/Illuminate/Routing/Router.php(739): Illuminate\\Routing\\Router->dispatchToRoute(Object(Illuminate\\Http\\Request))
#12 /home/tameem/Desktop/api_tutorial/vendor/laravel/framework/src/Illuminate/Foundation/Http/Kernel.php(200): Illuminate\\Routing\\Router->dispatch(Object(Illuminate\\Http\\Request))
#13 /home/tameem/Desktop/api_tutorial/vendor/laravel/framework/src/Illuminate/Pipeline/Pipeline.php(169): Illuminate\\Foundation\\Http\\Kernel->{closure:Illuminate\\Foundation\\Http\\Kernel::dispatchToRouter():197}(Object(Illuminate\\Http\\Request))
#14 /home/tameem/Desktop/api_tutorial/vendor/laravel/framework/src/Illuminate/Foundation/Http/Middleware/TransformsRequest.php(21): Illuminate\\Pipeline\\Pipeline->{closure:Illuminate\\Pipeline\\Pipeline::prepareDestination():167}(Object(Illuminate\\Http\\Request))
#15 /home/tameem/Desktop/api_tutorial/vendor/laravel/framework/src/Illuminate/Foundation/Http/Middleware/ConvertEmptyStringsToNull.php(31): Illuminate\\Foundation\\Http\\Middleware\\TransformsRequest->handle(Object(Illuminate\\Http\\Request), Object(Closure))
#16 /home/tameem/Desktop/api_tutorial/vendor/laravel/framework/src/Illuminate/Pipeline/Pipeline.php(208): Illuminate\\Foundation\\Http\\Middleware\\ConvertEmptyStringsToNull->handle(Object(Illuminate\\Http\\Request), Object(Closure))
#17 /home/tameem/Desktop/api_tutorial/vendor/laravel/framework/src/Illuminate/Foundation/Http/Middleware/TransformsRequest.php(21): Illuminate\\Pipeline\\Pipeline->{closure:{closure:Illuminate\\Pipeline\\Pipeline::carry():183}:184}(Object(Illuminate\\Http\\Request))
#18 /home/tameem/Desktop/api_tutorial/vendor/laravel/framework/src/Illuminate/Foundation/Http/Middleware/TrimStrings.php(51): Illuminate\\Foundation\\Http\\Middleware\\TransformsRequest->handle(Object(Illuminate\\Http\\Request), Object(Closure))
#19 /home/tameem/Desktop/api_tutorial/vendor/laravel/framework/src/Illuminate/Pipeline/Pipeline.php(208): Illuminate\\Foundation\\Http\\Middleware\\TrimStrings->handle(Object(Illuminate\\Http\\Request), Object(Closure))
#20 /home/tameem/Desktop/api_tutorial/vendor/laravel/framework/src/Illuminate/Http/Middleware/ValidatePostSize.php(27): Illuminate\\Pipeline\\Pipeline->{closure:{closure:Illuminate\\Pipeline\\Pipeline::carry():183}:184}(Object(Illuminate\\Http\\Request))
#21 /home/tameem/Desktop/api_tutorial/vendor/laravel/framework/src/Illuminate/Pipeline/Pipeline.php(208): Illuminate\\Http\\Middleware\\ValidatePostSize->handle(Object(Illuminate\\Http\\Request), Object(Closure))
#22 /home/tameem/Desktop/api_tutorial/vendor/laravel/framework/src/Illuminate/Foundation/Http/Middleware/PreventRequestsDuringMaintenance.php(109): Illuminate\\Pipeline\\Pipeline->{closure:{closure:Illuminate\\Pipeline\\Pipeline::carry():183}:184}(Object(Illuminate\\Http\\Request))
#23 /home/tameem/Desktop/api_tutorial/vendor/laravel/framework/src/Illuminate/Pipeline/Pipeline.php(208): Illuminate\\Foundation\\Http\\Middleware\\PreventRequestsDuringMaintenance->handle(Object(Illuminate\\Http\\Request), Object(Closure))
#24 /home/tameem/Desktop/api_tutorial/vendor/laravel/framework/src/Illuminate/Http/Middleware/HandleCors.php(61): Illuminate\\Pipeline\\Pipeline->{closure:{closure:Illuminate\\Pipeline\\Pipeline::carry():183}:184}(Object(Illuminate\\Http\\Request))
#25 /home/tameem/Desktop/api_tutorial/vendor/laravel/framework/src/Illuminate/Pipeline/Pipeline.php(208): Illuminate\\Http\\Middleware\\HandleCors->handle(Object(Illuminate\\Http\\Request), Object(Closure))
#26 /home/tameem/Desktop/api_tutorial/vendor/laravel/framework/src/Illuminate/Http/Middleware/TrustProxies.php(58): Illuminate\\Pipeline\\Pipeline->{closure:{closure:Illuminate\\Pipeline\\Pipeline::carry():183}:184}(Object(Illuminate\\Http\\Request))
#27 /home/tameem/Desktop/api_tutorial/vendor/laravel/framework/src/Illuminate/Pipeline/Pipeline.php(208): Illuminate\\Http\\Middleware\\TrustProxies->handle(Object(Illuminate\\Http\\Request), Object(Closure))
#28 /home/tameem/Desktop/api_tutorial/vendor/laravel/framework/src/Illuminate/Foundation/Http/Middleware/InvokeDeferredCallbacks.php(22): Illuminate\\Pipeline\\Pipeline->{closure:{closure:Illuminate\\Pipeline\\Pipeline::carry():183}:184}(Object(Illuminate\\Http\\Request))
#29 /home/tameem/Desktop/api_tutorial/vendor/laravel/framework/src/Illuminate/Pipeline/Pipeline.php(208): Illuminate\\Foundation\\Http\\Middleware\\InvokeDeferredCallbacks->handle(Object(Illuminate\\Http\\Request), Object(Closure))
#30 /home/tameem/Desktop/api_tutorial/vendor/laravel/framework/src/Illuminate/Http/Middleware/ValidatePathEncoding.php(26): Illuminate\\Pipeline\\Pipeline->{closure:{closure:Illuminate\\Pipeline\\Pipeline::carry():183}:184}(Object(Illuminate\\Http\\Request))
#31 /home/tameem/Desktop/api_tutorial/vendor/laravel/framework/src/Illuminate/Pipeline/Pipeline.php(208): Illuminate\\Http\\Middleware\\ValidatePathEncoding->handle(Object(Illuminate\\Http\\Request), Object(Closure))
#32 /home/tameem/Desktop/api_tutorial/vendor/laravel/framework/src/Illuminate/Pipeline/Pipeline.php(126): Illuminate\\Pipeline\\Pipeline->{closure:{closure:Illuminate\\Pipeline\\Pipeline::carry():183}:184}(Object(Illuminate\\Http\\Request))
#33 /home/tameem/Desktop/api_tutorial/vendor/laravel/framework/src/Illuminate/Foundation/Http/Kernel.php(175): Illuminate\\Pipeline\\Pipeline->then(Object(Closure))
#34 /home/tameem/Desktop/api_tutorial/vendor/laravel/framework/src/Illuminate/Foundation/Http/Kernel.php(144): Illuminate\\Foundation\\Http\\Kernel->sendRequestThroughRouter(Object(Illuminate\\Http\\Request))
#35 /home/tameem/Desktop/api_tutorial/vendor/laravel/framework/src/Illuminate/Foundation/Application.php(1219): Illuminate\\Foundation\\Http\\Kernel->handle(Object(Illuminate\\Http\\Request))
#36 /home/tameem/Desktop/api_tutorial/public/index.php(20): Illuminate\\Foundation\\Application->handleRequest(Object(Illuminate\\Http\\Request))
#37 /home/tameem/Desktop/api_tutorial/vendor/laravel/framework/src/Illuminate/Foundation/resources/server.php(23): require_once('/home/tameem/De...')
#38 {main}
"} 
[2025-04-30 12:03:04] local.ERROR: Too few arguments to function App\Http\Controllers\UserController::deleteUser(), 0 passed in /home/tameem/Desktop/api_tutorial/vendor/laravel/framework/src/Illuminate/Routing/ControllerDispatcher.php on line 46 and exactly 1 expected {"exception":"[object] (ArgumentCountError(code: 0): Too few arguments to function App\\Http\\Controllers\\UserController::deleteUser(), 0 passed in /home/tameem/Desktop/api_tutorial/vendor/laravel/framework/src/Illuminate/Routing/ControllerDispatcher.php on line 46 and exactly 1 expected at /home/tameem/Desktop/api_tutorial/app/Http/Controllers/UserController.php:46)
[stacktrace]
#0 /home/tameem/Desktop/api_tutorial/vendor/laravel/framework/src/Illuminate/Routing/ControllerDispatcher.php(46): App\\Http\\Controllers\\UserController->deleteUser()
#1 /home/tameem/Desktop/api_tutorial/vendor/laravel/framework/src/Illuminate/Routing/Route.php(265): Illuminate\\Routing\\ControllerDispatcher->dispatch(Object(Illuminate\\Routing\\Route), Object(App\\Http\\Controllers\\UserController), 'deleteUser')
#2 /home/tameem/Desktop/api_tutorial/vendor/laravel/framework/src/Illuminate/Routing/Route.php(211): Illuminate\\Routing\\Route->runController()
#3 /home/tameem/Desktop/api_tutorial/vendor/laravel/framework/src/Illuminate/Routing/Router.php(808): Illuminate\\Routing\\Route->run()
#4 /home/tameem/Desktop/api_tutorial/vendor/laravel/framework/src/Illuminate/Pipeline/Pipeline.php(169): Illuminate\\Routing\\Router->{closure:Illuminate\\Routing\\Router::runRouteWithinStack():807}(Object(Illuminate\\Http\\Request))
#5 /home/tameem/Desktop/api_tutorial/vendor/laravel/framework/src/Illuminate/Routing/Middleware/SubstituteBindings.php(50): Illuminate\\Pipeline\\Pipeline->{closure:Illuminate\\Pipeline\\Pipeline::prepareDestination():167}(Object(Illuminate\\Http\\Request))
#6 /home/tameem/Desktop/api_tutorial/vendor/laravel/framework/src/Illuminate/Pipeline/Pipeline.php(208): Illuminate\\Routing\\Middleware\\SubstituteBindings->handle(Object(Illuminate\\Http\\Request), Object(Closure))
#7 /home/tameem/Desktop/api_tutorial/vendor/laravel/framework/src/Illuminate/Pipeline/Pipeline.php(126): Illuminate\\Pipeline\\Pipeline->{closure:{closure:Illuminate\\Pipeline\\Pipeline::carry():183}:184}(Object(Illuminate\\Http\\Request))
#8 /home/tameem/Desktop/api_tutorial/vendor/laravel/framework/src/Illuminate/Routing/Router.php(807): Illuminate\\Pipeline\\Pipeline->then(Object(Closure))
#9 /home/tameem/Desktop/api_tutorial/vendor/laravel/framework/src/Illuminate/Routing/Router.php(786): Illuminate\\Routing\\Router->runRouteWithinStack(Object(Illuminate\\Routing\\Route), Object(Illuminate\\Http\\Request))
#10 /home/tameem/Desktop/api_tutorial/vendor/laravel/framework/src/Illuminate/Routing/Router.php(750): Illuminate\\Routing\\Router->runRoute(Object(Illuminate\\Http\\Request), Object(Illuminate\\Routing\\Route))
#11 /home/tameem/Desktop/api_tutorial/vendor/laravel/framework/src/Illuminate/Routing/Router.php(739): Illuminate\\Routing\\Router->dispatchToRoute(Object(Illuminate\\Http\\Request))
#12 /home/tameem/Desktop/api_tutorial/vendor/laravel/framework/src/Illuminate/Foundation/Http/Kernel.php(200): Illuminate\\Routing\\Router->dispatch(Object(Illuminate\\Http\\Request))
#13 /home/tameem/Desktop/api_tutorial/vendor/laravel/framework/src/Illuminate/Pipeline/Pipeline.php(169): Illuminate\\Foundation\\Http\\Kernel->{closure:Illuminate\\Foundation\\Http\\Kernel::dispatchToRouter():197}(Object(Illuminate\\Http\\Request))
#14 /home/tameem/Desktop/api_tutorial/vendor/laravel/framework/src/Illuminate/Foundation/Http/Middleware/TransformsRequest.php(21): Illuminate\\Pipeline\\Pipeline->{closure:Illuminate\\Pipeline\\Pipeline::prepareDestination():167}(Object(Illuminate\\Http\\Request))
#15 /home/tameem/Desktop/api_tutorial/vendor/laravel/framework/src/Illuminate/Foundation/Http/Middleware/ConvertEmptyStringsToNull.php(31): Illuminate\\Foundation\\Http\\Middleware\\TransformsRequest->handle(Object(Illuminate\\Http\\Request), Object(Closure))
#16 /home/tameem/Desktop/api_tutorial/vendor/laravel/framework/src/Illuminate/Pipeline/Pipeline.php(208): Illuminate\\Foundation\\Http\\Middleware\\ConvertEmptyStringsToNull->handle(Object(Illuminate\\Http\\Request), Object(Closure))
#17 /home/tameem/Desktop/api_tutorial/vendor/laravel/framework/src/Illuminate/Foundation/Http/Middleware/TransformsRequest.php(21): Illuminate\\Pipeline\\Pipeline->{closure:{closure:Illuminate\\Pipeline\\Pipeline::carry():183}:184}(Object(Illuminate\\Http\\Request))
#18 /home/tameem/Desktop/api_tutorial/vendor/laravel/framework/src/Illuminate/Foundation/Http/Middleware/TrimStrings.php(51): Illuminate\\Foundation\\Http\\Middleware\\TransformsRequest->handle(Object(Illuminate\\Http\\Request), Object(Closure))
#19 /home/tameem/Desktop/api_tutorial/vendor/laravel/framework/src/Illuminate/Pipeline/Pipeline.php(208): Illuminate\\Foundation\\Http\\Middleware\\TrimStrings->handle(Object(Illuminate\\Http\\Request), Object(Closure))
#20 /home/tameem/Desktop/api_tutorial/vendor/laravel/framework/src/Illuminate/Http/Middleware/ValidatePostSize.php(27): Illuminate\\Pipeline\\Pipeline->{closure:{closure:Illuminate\\Pipeline\\Pipeline::carry():183}:184}(Object(Illuminate\\Http\\Request))
#21 /home/tameem/Desktop/api_tutorial/vendor/laravel/framework/src/Illuminate/Pipeline/Pipeline.php(208): Illuminate\\Http\\Middleware\\ValidatePostSize->handle(Object(Illuminate\\Http\\Request), Object(Closure))
#22 /home/tameem/Desktop/api_tutorial/vendor/laravel/framework/src/Illuminate/Foundation/Http/Middleware/PreventRequestsDuringMaintenance.php(109): Illuminate\\Pipeline\\Pipeline->{closure:{closure:Illuminate\\Pipeline\\Pipeline::carry():183}:184}(Object(Illuminate\\Http\\Request))
#23 /home/tameem/Desktop/api_tutorial/vendor/laravel/framework/src/Illuminate/Pipeline/Pipeline.php(208): Illuminate\\Foundation\\Http\\Middleware\\PreventRequestsDuringMaintenance->handle(Object(Illuminate\\Http\\Request), Object(Closure))
#24 /home/tameem/Desktop/api_tutorial/vendor/laravel/framework/src/Illuminate/Http/Middleware/HandleCors.php(61): Illuminate\\Pipeline\\Pipeline->{closure:{closure:Illuminate\\Pipeline\\Pipeline::carry():183}:184}(Object(Illuminate\\Http\\Request))
#25 /home/tameem/Desktop/api_tutorial/vendor/laravel/framework/src/Illuminate/Pipeline/Pipeline.php(208): Illuminate\\Http\\Middleware\\HandleCors->handle(Object(Illuminate\\Http\\Request), Object(Closure))
#26 /home/tameem/Desktop/api_tutorial/vendor/laravel/framework/src/Illuminate/Http/Middleware/TrustProxies.php(58): Illuminate\\Pipeline\\Pipeline->{closure:{closure:Illuminate\\Pipeline\\Pipeline::carry():183}:184}(Object(Illuminate\\Http\\Request))
#27 /home/tameem/Desktop/api_tutorial/vendor/laravel/framework/src/Illuminate/Pipeline/Pipeline.php(208): Illuminate\\Http\\Middleware\\TrustProxies->handle(Object(Illuminate\\Http\\Request), Object(Closure))
#28 /home/tameem/Desktop/api_tutorial/vendor/laravel/framework/src/Illuminate/Foundation/Http/Middleware/InvokeDeferredCallbacks.php(22): Illuminate\\Pipeline\\Pipeline->{closure:{closure:Illuminate\\Pipeline\\Pipeline::carry():183}:184}(Object(Illuminate\\Http\\Request))
#29 /home/tameem/Desktop/api_tutorial/vendor/laravel/framework/src/Illuminate/Pipeline/Pipeline.php(208): Illuminate\\Foundation\\Http\\Middleware\\InvokeDeferredCallbacks->handle(Object(Illuminate\\Http\\Request), Object(Closure))
#30 /home/tameem/Desktop/api_tutorial/vendor/laravel/framework/src/Illuminate/Http/Middleware/ValidatePathEncoding.php(26): Illuminate\\Pipeline\\Pipeline->{closure:{closure:Illuminate\\Pipeline\\Pipeline::carry():183}:184}(Object(Illuminate\\Http\\Request))
#31 /home/tameem/Desktop/api_tutorial/vendor/laravel/framework/src/Illuminate/Pipeline/Pipeline.php(208): Illuminate\\Http\\Middleware\\ValidatePathEncoding->handle(Object(Illuminate\\Http\\Request), Object(Closure))
#32 /home/tameem/Desktop/api_tutorial/vendor/laravel/framework/src/Illuminate/Pipeline/Pipeline.php(126): Illuminate\\Pipeline\\Pipeline->{closure:{closure:Illuminate\\Pipeline\\Pipeline::carry():183}:184}(Object(Illuminate\\Http\\Request))
#33 /home/tameem/Desktop/api_tutorial/vendor/laravel/framework/src/Illuminate/Foundation/Http/Kernel.php(175): Illuminate\\Pipeline\\Pipeline->then(Object(Closure))
#34 /home/tameem/Desktop/api_tutorial/vendor/laravel/framework/src/Illuminate/Foundation/Http/Kernel.php(144): Illuminate\\Foundation\\Http\\Kernel->sendRequestThroughRouter(Object(Illuminate\\Http\\Request))
#35 /home/tameem/Desktop/api_tutorial/vendor/laravel/framework/src/Illuminate/Foundation/Application.php(1219): Illuminate\\Foundation\\Http\\Kernel->handle(Object(Illuminate\\Http\\Request))
#36 /home/tameem/Desktop/api_tutorial/public/index.php(20): Illuminate\\Foundation\\Application->handleRequest(Object(Illuminate\\Http\\Request))
#37 /home/tameem/Desktop/api_tutorial/vendor/laravel/framework/src/Illuminate/Foundation/resources/server.php(23): require_once('/home/tameem/De...')
#38 {main}
"} 
